Copyright 1986-2022 Xilinx, Inc. All Rights Reserved. Copyright 2022-2026 Advanced Micro Devices, Inc. All Rights Reserved.
---------------------------------------------------------------------------------------------------------------------------------------------------------------------------------------------------------------------------
| Tool Version : Vivado v.2026.1 (lin64) Build 6511674 Tue Jun 16 11:01:26 MDT 2026
| Date         : Mon Sep 14 13:57:30 2026
| Host         : Nix-Los running 64-bit unknown
| Command      : report_timing_summary -max_paths 10 -routable_nets -report_unconstrained -file FPMul_timing_summary_routed.rpt -pb FPMul_timing_summary_routed.pb -rpx FPMul_timing_summary_routed.rpx -warn_on_violation
| Design       : FPMul
| Device       : 7z020-clg400
| Speed File   : -1  PRODUCTION 1.12 2019-11-22
| Design State : Routed
---------------------------------------------------------------------------------------------------------------------------------------------------------------------------------------------------------------------------

Timing Summary Report

------------------------------------------------------------------------------------------------
| Timer Settings
| --------------
------------------------------------------------------------------------------------------------

  Enable Multi Corner Analysis               :  Yes
  Enable Pessimism Removal                   :  Yes
  Pessimism Removal Resolution               :  Nearest Common Node
  Enable Input Delay Default Clock           :  No
  Enable Preset / Clear Arcs                 :  No
  Disable Flight Delays                      :  No
  Ignore I/O Paths                           :  No
  Timing Early Launch at Borrowing Latches   :  No
  Borrow Time for Max Delay Exceptions       :  Yes
  Merge Timing Exceptions                    :  Yes
  Inter-SLR Compensation                     :  Conservative

  Corner  Analyze    Analyze    
  Name    Max Paths  Min Paths  
  ------  ---------  ---------  
  Slow    Yes        Yes        
  Fast    Yes        Yes        


------------------------------------------------------------------------------------------------
| Report Methodology
| ------------------
------------------------------------------------------------------------------------------------

Rule       Severity  Description                    Violations  
---------  --------  -----------------------------  ----------  
TIMING-18  Warning   Missing input or output delay  48          

Note: This report is based on the most recent report_methodology run and may not be up-to-date. Run report_methodology on the current design for the latest report.



check_timing report

Table of Contents
-----------------
1. checking no_clock (0)
2. checking constant_clock (0)
3. checking pulse_width_clock (0)
4. checking unconstrained_internal_endpoints (0)
5. checking no_input_delay (32)
6. checking no_output_delay (16)
7. checking multiple_clock (0)
8. checking generated_clocks (0)
9. checking loops (0)
10. checking partial_input_delay (0)
11. checking partial_output_delay (0)
12. checking latch_loops (0)

1. checking no_clock (0)
------------------------
 There are 0 register/latch pins with no clock.


2. checking constant_clock (0)
------------------------------
 There are 0 register/latch pins with constant_clock.


3. checking pulse_width_clock (0)
---------------------------------
 There are 0 register/latch pins which need pulse_width check


4. checking unconstrained_internal_endpoints (0)
------------------------------------------------
 There are 0 pins that are not constrained for maximum delay.

 There are 0 pins that are not constrained for maximum delay due to constant clock.


5. checking no_input_delay (32)
-------------------------------
 There are 32 input ports with no input delay specified. (HIGH)

 There are 0 input ports with no input delay but user has a false path constraint.


6. checking no_output_delay (16)
--------------------------------
 There are 16 ports with no output delay specified. (HIGH)

 There are 0 ports with no output delay but user has a false path constraint

 There are 0 ports with no output delay but with a timing clock defined on it or propagating through it


7. checking multiple_clock (0)
------------------------------
 There are 0 register/latch pins with multiple clocks.


8. checking generated_clocks (0)
--------------------------------
 There are 0 generated clocks that are not connected to a clock source.


9. checking loops (0)
---------------------
 There are 0 combinational loops in the design.


10. checking partial_input_delay (0)
------------------------------------
 There are 0 input ports with partial input delay specified.


11. checking partial_output_delay (0)
-------------------------------------
 There are 0 ports with partial output delay specified.


12. checking latch_loops (0)
----------------------------
 There are 0 combinational latch loops in the design through latch input



------------------------------------------------------------------------------------------------
| Design Timing Summary
| ---------------------
------------------------------------------------------------------------------------------------

    WNS(ns)      TNS(ns)  TNS Failing Endpoints  TNS Total Endpoints      WHS(ns)      THS(ns)  THS Failing Endpoints  THS Total Endpoints     WPWS(ns)     TPWS(ns)  TPWS Failing Endpoints  TPWS Total Endpoints  
    -------      -------  ---------------------  -------------------      -------      -------  ---------------------  -------------------     --------     --------  ----------------------  --------------------  
      0.779        0.000                      0                   68        0.156        0.000                      0                   68        1.520        0.000                       0                    69  


All user specified timing constraints are met.


------------------------------------------------------------------------------------------------
| Clock Summary
| -------------
------------------------------------------------------------------------------------------------

Clock    Waveform(ns)         Period(ns)      Frequency(MHz)
-----    ------------         ----------      --------------
sys_clk  {0.000 2.500}        5.000           200.000         


------------------------------------------------------------------------------------------------
| Intra Clock Table
| -----------------
------------------------------------------------------------------------------------------------

Clock             WNS(ns)      TNS(ns)  TNS Failing Endpoints  TNS Total Endpoints      WHS(ns)      THS(ns)  THS Failing Endpoints  THS Total Endpoints     WPWS(ns)     TPWS(ns)  TPWS Failing Endpoints  TPWS Total Endpoints  
-----             -------      -------  ---------------------  -------------------      -------      -------  ---------------------  -------------------     --------     --------  ----------------------  --------------------  
sys_clk             0.779        0.000                      0                   68        0.156        0.000                      0                   68        1.520        0.000                       0                    69  


------------------------------------------------------------------------------------------------
| Inter Clock Table
| -----------------
------------------------------------------------------------------------------------------------

From Clock    To Clock          WNS(ns)      TNS(ns)  TNS Failing Endpoints  TNS Total Endpoints      WHS(ns)      THS(ns)  THS Failing Endpoints  THS Total Endpoints  
----------    --------          -------      -------  ---------------------  -------------------      -------      -------  ---------------------  -------------------  


------------------------------------------------------------------------------------------------
| Other Path Groups Table
| -----------------------
------------------------------------------------------------------------------------------------

Path Group    From Clock    To Clock          WNS(ns)      TNS(ns)  TNS Failing Endpoints  TNS Total Endpoints      WHS(ns)      THS(ns)  THS Failing Endpoints  THS Total Endpoints  
----------    ----------    --------          -------      -------  ---------------------  -------------------      -------      -------  ---------------------  -------------------  


------------------------------------------------------------------------------------------------
| User Ignored Path Table
| -----------------------
------------------------------------------------------------------------------------------------

Path Group    From Clock    To Clock    
----------    ----------    --------    


------------------------------------------------------------------------------------------------
| Unconstrained Path Table
| ------------------------
------------------------------------------------------------------------------------------------

Path Group    From Clock    To Clock    
----------    ----------    --------    
(none)        sys_clk                     
(none)                      sys_clk       


------------------------------------------------------------------------------------------------
| Timing Details
| --------------
------------------------------------------------------------------------------------------------


---------------------------------------------------------------------------------------------------
From Clock:  sys_clk
  To Clock:  sys_clk

Setup :            0  Failing Endpoints,  Worst Slack        0.779ns,  Total Violation        0.000ns
Hold  :            0  Failing Endpoints,  Worst Slack        0.156ns,  Total Violation        0.000ns
PW    :            0  Failing Endpoints,  Worst Slack        1.520ns,  Total Violation        0.000ns
---------------------------------------------------------------------------------------------------


Max Delay Paths
--------------------------------------------------------------------------------------
Slack (MET) :             0.779ns  (required time - arrival time)
  Source:                 sB_sig_reg[4]/C
                            (rising edge-triggered cell FDRE clocked by sys_clk  {rise@0.000ns fall@2.500ns period=5.000ns})
  Destination:            outReg_reg[0]/R
                            (rising edge-triggered cell FDRE clocked by sys_clk  {rise@0.000ns fall@2.500ns period=5.000ns})
  Path Group:             sys_clk
  Path Type:              Setup (Max at Slow Process Corner)
  Requirement:            5.000ns  (sys_clk rise@5.000ns - sys_clk rise@0.000ns)
  Data Path Delay:        3.599ns  (logic 1.151ns (31.985%)  route 2.448ns (68.015%))
  Logic Levels:           4  (LUT3=1 LUT4=1 LUT5=1 LUT6=1)
  Clock Path Skew:        -0.063ns (DCD - SCD + CPR)
    Destination Clock Delay (DCD):    4.599ns = ( 9.599 - 5.000 ) 
    Source Clock Delay      (SCD):    5.119ns
    Clock Pessimism Removal (CPR):    0.458ns
  Clock Uncertainty:      0.035ns  ((TSJ^2 + TIJ^2)^1/2 + DJ) / 2 + PE
    Total System Jitter     (TSJ):    0.071ns
    Total Input Jitter      (TIJ):    0.000ns
    Discrete Jitter          (DJ):    0.000ns
    Phase Error              (PE):    0.000ns

    Location             Delay type                Incr(ns)  Path(ns)    Netlist Resource(s)
  -------------------------------------------------------------------    -------------------
                         (clock sys_clk rise edge)    0.000     0.000 r  <hidden>
    U7                                                0.000     0.000 r  clock
                         net (fo=0)                   0.000     0.000    clock
    U7                   IBUF (Prop_ibuf_I_O)         1.058     1.058 r  clock_IBUF_inst/O
                         net (fo=1, routed)           2.171     3.229    clock_IBUF
    BUFGCTRL_X0Y0        BUFG (Prop_bufg_I_O)         0.101     3.330 r  clock_IBUF_BUFG_inst/O
                         net (fo=68, routed)          1.789     5.119    clock_IBUF_BUFG
    SLICE_X103Y52        FDRE                                         r  sB_sig_reg[4]/C
  -------------------------------------------------------------------    -------------------
    SLICE_X103Y52        FDRE (Prop_fdre_C_Q)         0.456     5.575 r  sB_sig_reg[4]/Q
                         net (fo=4, routed)           0.901     6.476    sB_sig_reg_n_0_[4]
    SLICE_X102Y52        LUT4 (Prop_lut4_I1_O)        0.124     6.600 f  outReg[14]_i_8/O
                         net (fo=1, routed)           0.303     6.903    outReg[14]_i_8_n_0
    SLICE_X102Y53        LUT6 (Prop_lut6_I1_O)        0.124     7.027 r  outReg[14]_i_4/O
                         net (fo=8, routed)           0.582     7.609    p_0_in3_out
    SLICE_X105Y53        LUT5 (Prop_lut5_I1_O)        0.120     7.729 r  outReg[6]_i_3/O
                         net (fo=2, routed)           0.315     8.044    p_1_in
    SLICE_X104Y52        LUT3 (Prop_lut3_I2_O)        0.327     8.371 r  outReg[5]_i_1/O
                         net (fo=6, routed)           0.347     8.718    outReg[5]_i_1_n_0
    SLICE_X104Y53        FDRE                                         r  outReg_reg[0]/R
  -------------------------------------------------------------------    -------------------

                         (clock sys_clk rise edge)    5.000     5.000 r  <hidden>
    U7                                                0.000     5.000 r  clock
                         net (fo=0)                   0.000     5.000    clock
    U7                   IBUF (Prop_ibuf_I_O)         0.924     5.924 r  clock_IBUF_inst/O
                         net (fo=1, routed)           1.972     7.896    clock_IBUF
    BUFGCTRL_X0Y0        BUFG (Prop_bufg_I_O)         0.091     7.987 r  clock_IBUF_BUFG_inst/O
                         net (fo=68, routed)          1.612     9.599    clock_IBUF_BUFG
    SLICE_X104Y53        FDRE                                         r  outReg_reg[0]/C
                         clock pessimism              0.458    10.056    <hidden>
                         clock uncertainty           -0.035    10.021    <hidden>
    SLICE_X104Y53        FDRE (Setup_fdre_C_R)       -0.524     9.497    outReg_reg[0]
  -------------------------------------------------------------------
                         required time                          9.497    <hidden>
                         arrival time                          -8.718    <hidden>
  -------------------------------------------------------------------
                         slack                                  0.779    <hidden>

Slack (MET) :             0.779ns  (required time - arrival time)
  Source:                 sB_sig_reg[4]/C
                            (rising edge-triggered cell FDRE clocked by sys_clk  {rise@0.000ns fall@2.500ns period=5.000ns})
  Destination:            outReg_reg[1]/R
                            (rising edge-triggered cell FDRE clocked by sys_clk  {rise@0.000ns fall@2.500ns period=5.000ns})
  Path Group:             sys_clk
  Path Type:              Setup (Max at Slow Process Corner)
  Requirement:            5.000ns  (sys_clk rise@5.000ns - sys_clk rise@0.000ns)
  Data Path Delay:        3.599ns  (logic 1.151ns (31.985%)  route 2.448ns (68.015%))
  Logic Levels:           4  (LUT3=1 LUT4=1 LUT5=1 LUT6=1)
  Clock Path Skew:        -0.063ns (DCD - SCD + CPR)
    Destination Clock Delay (DCD):    4.599ns = ( 9.599 - 5.000 ) 
    Source Clock Delay      (SCD):    5.119ns
    Clock Pessimism Removal (CPR):    0.458ns
  Clock Uncertainty:      0.035ns  ((TSJ^2 + TIJ^2)^1/2 + DJ) / 2 + PE
    Total System Jitter     (TSJ):    0.071ns
    Total Input Jitter      (TIJ):    0.000ns
    Discrete Jitter          (DJ):    0.000ns
    Phase Error              (PE):    0.000ns

    Location             Delay type                Incr(ns)  Path(ns)    Netlist Resource(s)
  -------------------------------------------------------------------    -------------------
                         (clock sys_clk rise edge)    0.000     0.000 r  <hidden>
    U7                                                0.000     0.000 r  clock
                         net (fo=0)                   0.000     0.000    clock
    U7                   IBUF (Prop_ibuf_I_O)         1.058     1.058 r  clock_IBUF_inst/O
                         net (fo=1, routed)           2.171     3.229    clock_IBUF
    BUFGCTRL_X0Y0        BUFG (Prop_bufg_I_O)         0.101     3.330 r  clock_IBUF_BUFG_inst/O
                         net (fo=68, routed)          1.789     5.119    clock_IBUF_BUFG
    SLICE_X103Y52        FDRE                                         r  sB_sig_reg[4]/C
  -------------------------------------------------------------------    -------------------
    SLICE_X103Y52        FDRE (Prop_fdre_C_Q)         0.456     5.575 r  sB_sig_reg[4]/Q
                         net (fo=4, routed)           0.901     6.476    sB_sig_reg_n_0_[4]
    SLICE_X102Y52        LUT4 (Prop_lut4_I1_O)        0.124     6.600 f  outReg[14]_i_8/O
                         net (fo=1, routed)           0.303     6.903    outReg[14]_i_8_n_0
    SLICE_X102Y53        LUT6 (Prop_lut6_I1_O)        0.124     7.027 r  outReg[14]_i_4/O
                         net (fo=8, routed)           0.582     7.609    p_0_in3_out
    SLICE_X105Y53        LUT5 (Prop_lut5_I1_O)        0.120     7.729 r  outReg[6]_i_3/O
                         net (fo=2, routed)           0.315     8.044    p_1_in
    SLICE_X104Y52        LUT3 (Prop_lut3_I2_O)        0.327     8.371 r  outReg[5]_i_1/O
                         net (fo=6, routed)           0.347     8.718    outReg[5]_i_1_n_0
    SLICE_X104Y53        FDRE                                         r  outReg_reg[1]/R
  -------------------------------------------------------------------    -------------------

                         (clock sys_clk rise edge)    5.000     5.000 r  <hidden>
    U7                                                0.000     5.000 r  clock
                         net (fo=0)                   0.000     5.000    clock
    U7                   IBUF (Prop_ibuf_I_O)         0.924     5.924 r  clock_IBUF_inst/O
                         net (fo=1, routed)           1.972     7.896    clock_IBUF
    BUFGCTRL_X0Y0        BUFG (Prop_bufg_I_O)         0.091     7.987 r  clock_IBUF_BUFG_inst/O
                         net (fo=68, routed)          1.612     9.599    clock_IBUF_BUFG
    SLICE_X104Y53        FDRE                                         r  outReg_reg[1]/C
                         clock pessimism              0.458    10.056    <hidden>
                         clock uncertainty           -0.035    10.021    <hidden>
    SLICE_X104Y53        FDRE (Setup_fdre_C_R)       -0.524     9.497    outReg_reg[1]
  -------------------------------------------------------------------
                         required time                          9.497    <hidden>
                         arrival time                          -8.718    <hidden>
  -------------------------------------------------------------------
                         slack                                  0.779    <hidden>

Slack (MET) :             0.779ns  (required time - arrival time)
  Source:                 sB_sig_reg[4]/C
                            (rising edge-triggered cell FDRE clocked by sys_clk  {rise@0.000ns fall@2.500ns period=5.000ns})
  Destination:            outReg_reg[2]/R
                            (rising edge-triggered cell FDRE clocked by sys_clk  {rise@0.000ns fall@2.500ns period=5.000ns})
  Path Group:             sys_clk
  Path Type:              Setup (Max at Slow Process Corner)
  Requirement:            5.000ns  (sys_clk rise@5.000ns - sys_clk rise@0.000ns)
  Data Path Delay:        3.599ns  (logic 1.151ns (31.985%)  route 2.448ns (68.015%))
  Logic Levels:           4  (LUT3=1 LUT4=1 LUT5=1 LUT6=1)
  Clock Path Skew:        -0.063ns (DCD - SCD + CPR)
    Destination Clock Delay (DCD):    4.599ns = ( 9.599 - 5.000 ) 
    Source Clock Delay      (SCD):    5.119ns
    Clock Pessimism Removal (CPR):    0.458ns
  Clock Uncertainty:      0.035ns  ((TSJ^2 + TIJ^2)^1/2 + DJ) / 2 + PE
    Total System Jitter     (TSJ):    0.071ns
    Total Input Jitter      (TIJ):    0.000ns
    Discrete Jitter          (DJ):    0.000ns
    Phase Error              (PE):    0.000ns

    Location             Delay type                Incr(ns)  Path(ns)    Netlist Resource(s)
  -------------------------------------------------------------------    -------------------
                         (clock sys_clk rise edge)    0.000     0.000 r  <hidden>
    U7                                                0.000     0.000 r  clock
                         net (fo=0)                   0.000     0.000    clock
    U7                   IBUF (Prop_ibuf_I_O)         1.058     1.058 r  clock_IBUF_inst/O
                         net (fo=1, routed)           2.171     3.229    clock_IBUF
    BUFGCTRL_X0Y0        BUFG (Prop_bufg_I_O)         0.101     3.330 r  clock_IBUF_BUFG_inst/O
                         net (fo=68, routed)          1.789     5.119    clock_IBUF_BUFG
    SLICE_X103Y52        FDRE                                         r  sB_sig_reg[4]/C
  -------------------------------------------------------------------    -------------------
    SLICE_X103Y52        FDRE (Prop_fdre_C_Q)         0.456     5.575 r  sB_sig_reg[4]/Q
                         net (fo=4, routed)           0.901     6.476    sB_sig_reg_n_0_[4]
    SLICE_X102Y52        LUT4 (Prop_lut4_I1_O)        0.124     6.600 f  outReg[14]_i_8/O
                         net (fo=1, routed)           0.303     6.903    outReg[14]_i_8_n_0
    SLICE_X102Y53        LUT6 (Prop_lut6_I1_O)        0.124     7.027 r  outReg[14]_i_4/O
                         net (fo=8, routed)           0.582     7.609    p_0_in3_out
    SLICE_X105Y53        LUT5 (Prop_lut5_I1_O)        0.120     7.729 r  outReg[6]_i_3/O
                         net (fo=2, routed)           0.315     8.044    p_1_in
    SLICE_X104Y52        LUT3 (Prop_lut3_I2_O)        0.327     8.371 r  outReg[5]_i_1/O
                         net (fo=6, routed)           0.347     8.718    outReg[5]_i_1_n_0
    SLICE_X104Y53        FDRE                                         r  outReg_reg[2]/R
  -------------------------------------------------------------------    -------------------

                         (clock sys_clk rise edge)    5.000     5.000 r  <hidden>
    U7                                                0.000     5.000 r  clock
                         net (fo=0)                   0.000     5.000    clock
    U7                   IBUF (Prop_ibuf_I_O)         0.924     5.924 r  clock_IBUF_inst/O
                         net (fo=1, routed)           1.972     7.896    clock_IBUF
    BUFGCTRL_X0Y0        BUFG (Prop_bufg_I_O)         0.091     7.987 r  clock_IBUF_BUFG_inst/O
                         net (fo=68, routed)          1.612     9.599    clock_IBUF_BUFG
    SLICE_X104Y53        FDRE                                         r  outReg_reg[2]/C
                         clock pessimism              0.458    10.056    <hidden>
                         clock uncertainty           -0.035    10.021    <hidden>
    SLICE_X104Y53        FDRE (Setup_fdre_C_R)       -0.524     9.497    outReg_reg[2]
  -------------------------------------------------------------------
                         required time                          9.497    <hidden>
                         arrival time                          -8.718    <hidden>
  -------------------------------------------------------------------
                         slack                                  0.779    <hidden>

Slack (MET) :             0.874ns  (required time - arrival time)
  Source:                 sB_sig_reg[4]/C
                            (rising edge-triggered cell FDRE clocked by sys_clk  {rise@0.000ns fall@2.500ns period=5.000ns})
  Destination:            outReg_reg[3]/R
                            (rising edge-triggered cell FDRE clocked by sys_clk  {rise@0.000ns fall@2.500ns period=5.000ns})
  Path Group:             sys_clk
  Path Type:              Setup (Max at Slow Process Corner)
  Requirement:            5.000ns  (sys_clk rise@5.000ns - sys_clk rise@0.000ns)
  Data Path Delay:        3.599ns  (logic 1.151ns (31.985%)  route 2.448ns (68.015%))
  Logic Levels:           4  (LUT3=1 LUT4=1 LUT5=1 LUT6=1)
  Clock Path Skew:        -0.063ns (DCD - SCD + CPR)
    Destination Clock Delay (DCD):    4.599ns = ( 9.599 - 5.000 ) 
    Source Clock Delay      (SCD):    5.119ns
    Clock Pessimism Removal (CPR):    0.458ns
  Clock Uncertainty:      0.035ns  ((TSJ^2 + TIJ^2)^1/2 + DJ) / 2 + PE
    Total System Jitter     (TSJ):    0.071ns
    Total Input Jitter      (TIJ):    0.000ns
    Discrete Jitter          (DJ):    0.000ns
    Phase Error              (PE):    0.000ns

    Location             Delay type                Incr(ns)  Path(ns)    Netlist Resource(s)
  -------------------------------------------------------------------    -------------------
                         (clock sys_clk rise edge)    0.000     0.000 r  <hidden>
    U7                                                0.000     0.000 r  clock
                         net (fo=0)                   0.000     0.000    clock
    U7                   IBUF (Prop_ibuf_I_O)         1.058     1.058 r  clock_IBUF_inst/O
                         net (fo=1, routed)           2.171     3.229    clock_IBUF
    BUFGCTRL_X0Y0        BUFG (Prop_bufg_I_O)         0.101     3.330 r  clock_IBUF_BUFG_inst/O
                         net (fo=68, routed)          1.789     5.119    clock_IBUF_BUFG
    SLICE_X103Y52        FDRE                                         r  sB_sig_reg[4]/C
  -------------------------------------------------------------------    -------------------
    SLICE_X103Y52        FDRE (Prop_fdre_C_Q)         0.456     5.575 r  sB_sig_reg[4]/Q
                         net (fo=4, routed)           0.901     6.476    sB_sig_reg_n_0_[4]
    SLICE_X102Y52        LUT4 (Prop_lut4_I1_O)        0.124     6.600 f  outReg[14]_i_8/O
                         net (fo=1, routed)           0.303     6.903    outReg[14]_i_8_n_0
    SLICE_X102Y53        LUT6 (Prop_lut6_I1_O)        0.124     7.027 r  outReg[14]_i_4/O
                         net (fo=8, routed)           0.582     7.609    p_0_in3_out
    SLICE_X105Y53        LUT5 (Prop_lut5_I1_O)        0.120     7.729 r  outReg[6]_i_3/O
                         net (fo=2, routed)           0.315     8.044    p_1_in
    SLICE_X104Y52        LUT3 (Prop_lut3_I2_O)        0.327     8.371 r  outReg[5]_i_1/O
                         net (fo=6, routed)           0.347     8.718    outReg[5]_i_1_n_0
    SLICE_X105Y53        FDRE                                         r  outReg_reg[3]/R
  -------------------------------------------------------------------    -------------------

                         (clock sys_clk rise edge)    5.000     5.000 r  <hidden>
    U7                                                0.000     5.000 r  clock
                         net (fo=0)                   0.000     5.000    clock
    U7                   IBUF (Prop_ibuf_I_O)         0.924     5.924 r  clock_IBUF_inst/O
                         net (fo=1, routed)           1.972     7.896    clock_IBUF
    BUFGCTRL_X0Y0        BUFG (Prop_bufg_I_O)         0.091     7.987 r  clock_IBUF_BUFG_inst/O
                         net (fo=68, routed)          1.612     9.599    clock_IBUF_BUFG
    SLICE_X105Y53        FDRE                                         r  outReg_reg[3]/C
                         clock pessimism              0.458    10.056    <hidden>
                         clock uncertainty           -0.035    10.021    <hidden>
    SLICE_X105Y53        FDRE (Setup_fdre_C_R)       -0.429     9.592    outReg_reg[3]
  -------------------------------------------------------------------
                         required time                          9.592    <hidden>
                         arrival time                          -8.718    <hidden>
  -------------------------------------------------------------------
                         slack                                  0.874    <hidden>

Slack (MET) :             0.874ns  (required time - arrival time)
  Source:                 sB_sig_reg[4]/C
                            (rising edge-triggered cell FDRE clocked by sys_clk  {rise@0.000ns fall@2.500ns period=5.000ns})
  Destination:            outReg_reg[4]/R
                            (rising edge-triggered cell FDRE clocked by sys_clk  {rise@0.000ns fall@2.500ns period=5.000ns})
  Path Group:             sys_clk
  Path Type:              Setup (Max at Slow Process Corner)
  Requirement:            5.000ns  (sys_clk rise@5.000ns - sys_clk rise@0.000ns)
  Data Path Delay:        3.599ns  (logic 1.151ns (31.985%)  route 2.448ns (68.015%))
  Logic Levels:           4  (LUT3=1 LUT4=1 LUT5=1 LUT6=1)
  Clock Path Skew:        -0.063ns (DCD - SCD + CPR)
    Destination Clock Delay (DCD):    4.599ns = ( 9.599 - 5.000 ) 
    Source Clock Delay      (SCD):    5.119ns
    Clock Pessimism Removal (CPR):    0.458ns
  Clock Uncertainty:      0.035ns  ((TSJ^2 + TIJ^2)^1/2 + DJ) / 2 + PE
    Total System Jitter     (TSJ):    0.071ns
    Total Input Jitter      (TIJ):    0.000ns
    Discrete Jitter          (DJ):    0.000ns
    Phase Error              (PE):    0.000ns

    Location             Delay type                Incr(ns)  Path(ns)    Netlist Resource(s)
  -------------------------------------------------------------------    -------------------
                         (clock sys_clk rise edge)    0.000     0.000 r  <hidden>
    U7                                                0.000     0.000 r  clock
                         net (fo=0)                   0.000     0.000    clock
    U7                   IBUF (Prop_ibuf_I_O)         1.058     1.058 r  clock_IBUF_inst/O
                         net (fo=1, routed)           2.171     3.229    clock_IBUF
    BUFGCTRL_X0Y0        BUFG (Prop_bufg_I_O)         0.101     3.330 r  clock_IBUF_BUFG_inst/O
                         net (fo=68, routed)          1.789     5.119    clock_IBUF_BUFG
    SLICE_X103Y52        FDRE                                         r  sB_sig_reg[4]/C
  -------------------------------------------------------------------    -------------------
    SLICE_X103Y52        FDRE (Prop_fdre_C_Q)         0.456     5.575 r  sB_sig_reg[4]/Q
                         net (fo=4, routed)           0.901     6.476    sB_sig_reg_n_0_[4]
    SLICE_X102Y52        LUT4 (Prop_lut4_I1_O)        0.124     6.600 f  outReg[14]_i_8/O
                         net (fo=1, routed)           0.303     6.903    outReg[14]_i_8_n_0
    SLICE_X102Y53        LUT6 (Prop_lut6_I1_O)        0.124     7.027 r  outReg[14]_i_4/O
                         net (fo=8, routed)           0.582     7.609    p_0_in3_out
    SLICE_X105Y53        LUT5 (Prop_lut5_I1_O)        0.120     7.729 r  outReg[6]_i_3/O
                         net (fo=2, routed)           0.315     8.044    p_1_in
    SLICE_X104Y52        LUT3 (Prop_lut3_I2_O)        0.327     8.371 r  outReg[5]_i_1/O
                         net (fo=6, routed)           0.347     8.718    outReg[5]_i_1_n_0
    SLICE_X105Y53        FDRE                                         r  outReg_reg[4]/R
  -------------------------------------------------------------------    -------------------

                         (clock sys_clk rise edge)    5.000     5.000 r  <hidden>
    U7                                                0.000     5.000 r  clock
                         net (fo=0)                   0.000     5.000    clock
    U7                   IBUF (Prop_ibuf_I_O)         0.924     5.924 r  clock_IBUF_inst/O
                         net (fo=1, routed)           1.972     7.896    clock_IBUF
    BUFGCTRL_X0Y0        BUFG (Prop_bufg_I_O)         0.091     7.987 r  clock_IBUF_BUFG_inst/O
                         net (fo=68, routed)          1.612     9.599    clock_IBUF_BUFG
    SLICE_X105Y53        FDRE                                         r  outReg_reg[4]/C
                         clock pessimism              0.458    10.056    <hidden>
                         clock uncertainty           -0.035    10.021    <hidden>
    SLICE_X105Y53        FDRE (Setup_fdre_C_R)       -0.429     9.592    outReg_reg[4]
  -------------------------------------------------------------------
                         required time                          9.592    <hidden>
                         arrival time                          -8.718    <hidden>
  -------------------------------------------------------------------
                         slack                                  0.874    <hidden>

Slack (MET) :             0.874ns  (required time - arrival time)
  Source:                 sB_sig_reg[4]/C
                            (rising edge-triggered cell FDRE clocked by sys_clk  {rise@0.000ns fall@2.500ns period=5.000ns})
  Destination:            outReg_reg[5]/R
                            (rising edge-triggered cell FDRE clocked by sys_clk  {rise@0.000ns fall@2.500ns period=5.000ns})
  Path Group:             sys_clk
  Path Type:              Setup (Max at Slow Process Corner)
  Requirement:            5.000ns  (sys_clk rise@5.000ns - sys_clk rise@0.000ns)
  Data Path Delay:        3.599ns  (logic 1.151ns (31.985%)  route 2.448ns (68.015%))
  Logic Levels:           4  (LUT3=1 LUT4=1 LUT5=1 LUT6=1)
  Clock Path Skew:        -0.063ns (DCD - SCD + CPR)
    Destination Clock Delay (DCD):    4.599ns = ( 9.599 - 5.000 ) 
    Source Clock Delay      (SCD):    5.119ns
    Clock Pessimism Removal (CPR):    0.458ns
  Clock Uncertainty:      0.035ns  ((TSJ^2 + TIJ^2)^1/2 + DJ) / 2 + PE
    Total System Jitter     (TSJ):    0.071ns
    Total Input Jitter      (TIJ):    0.000ns
    Discrete Jitter          (DJ):    0.000ns
    Phase Error              (PE):    0.000ns

    Location             Delay type                Incr(ns)  Path(ns)    Netlist Resource(s)
  -------------------------------------------------------------------    -------------------
                         (clock sys_clk rise edge)    0.000     0.000 r  <hidden>
    U7                                                0.000     0.000 r  clock
                         net (fo=0)                   0.000     0.000    clock
    U7                   IBUF (Prop_ibuf_I_O)         1.058     1.058 r  clock_IBUF_inst/O
                         net (fo=1, routed)           2.171     3.229    clock_IBUF
    BUFGCTRL_X0Y0        BUFG (Prop_bufg_I_O)         0.101     3.330 r  clock_IBUF_BUFG_inst/O
                         net (fo=68, routed)          1.789     5.119    clock_IBUF_BUFG
    SLICE_X103Y52        FDRE                                         r  sB_sig_reg[4]/C
  -------------------------------------------------------------------    -------------------
    SLICE_X103Y52        FDRE (Prop_fdre_C_Q)         0.456     5.575 r  sB_sig_reg[4]/Q
                         net (fo=4, routed)           0.901     6.476    sB_sig_reg_n_0_[4]
    SLICE_X102Y52        LUT4 (Prop_lut4_I1_O)        0.124     6.600 f  outReg[14]_i_8/O
                         net (fo=1, routed)           0.303     6.903    outReg[14]_i_8_n_0
    SLICE_X102Y53        LUT6 (Prop_lut6_I1_O)        0.124     7.027 r  outReg[14]_i_4/O
                         net (fo=8, routed)           0.582     7.609    p_0_in3_out
    SLICE_X105Y53        LUT5 (Prop_lut5_I1_O)        0.120     7.729 r  outReg[6]_i_3/O
                         net (fo=2, routed)           0.315     8.044    p_1_in
    SLICE_X104Y52        LUT3 (Prop_lut3_I2_O)        0.327     8.371 r  outReg[5]_i_1/O
                         net (fo=6, routed)           0.347     8.718    outReg[5]_i_1_n_0
    SLICE_X105Y53        FDRE                                         r  outReg_reg[5]/R
  -------------------------------------------------------------------    -------------------

                         (clock sys_clk rise edge)    5.000     5.000 r  <hidden>
    U7                                                0.000     5.000 r  clock
                         net (fo=0)                   0.000     5.000    clock
    U7                   IBUF (Prop_ibuf_I_O)         0.924     5.924 r  clock_IBUF_inst/O
                         net (fo=1, routed)           1.972     7.896    clock_IBUF
    BUFGCTRL_X0Y0        BUFG (Prop_bufg_I_O)         0.091     7.987 r  clock_IBUF_BUFG_inst/O
                         net (fo=68, routed)          1.612     9.599    clock_IBUF_BUFG
    SLICE_X105Y53        FDRE                                         r  outReg_reg[5]/C
                         clock pessimism              0.458    10.056    <hidden>
                         clock uncertainty           -0.035    10.021    <hidden>
    SLICE_X105Y53        FDRE (Setup_fdre_C_R)       -0.429     9.592    outReg_reg[5]
  -------------------------------------------------------------------
                         required time                          9.592    <hidden>
                         arrival time                          -8.718    <hidden>
  -------------------------------------------------------------------
                         slack                                  0.874    <hidden>

Slack (MET) :             1.246ns  (required time - arrival time)
  Source:                 sB_sig_reg[4]/C
                            (rising edge-triggered cell FDRE clocked by sys_clk  {rise@0.000ns fall@2.500ns period=5.000ns})
  Destination:            outReg_reg[11]/S
                            (rising edge-triggered cell FDSE clocked by sys_clk  {rise@0.000ns fall@2.500ns period=5.000ns})
  Path Group:             sys_clk
  Path Type:              Setup (Max at Slow Process Corner)
  Requirement:            5.000ns  (sys_clk rise@5.000ns - sys_clk rise@0.000ns)
  Data Path Delay:        3.264ns  (logic 0.828ns (25.371%)  route 2.436ns (74.629%))
  Logic Levels:           3  (LUT4=1 LUT5=1 LUT6=1)
  Clock Path Skew:        -0.026ns (DCD - SCD + CPR)
    Destination Clock Delay (DCD):    4.599ns = ( 9.599 - 5.000 ) 
    Source Clock Delay      (SCD):    5.119ns
    Clock Pessimism Removal (CPR):    0.495ns
  Clock Uncertainty:      0.035ns  ((TSJ^2 + TIJ^2)^1/2 + DJ) / 2 + PE
    Total System Jitter     (TSJ):    0.071ns
    Total Input Jitter      (TIJ):    0.000ns
    Discrete Jitter          (DJ):    0.000ns
    Phase Error              (PE):    0.000ns

    Location             Delay type                Incr(ns)  Path(ns)    Netlist Resource(s)
  -------------------------------------------------------------------    -------------------
                         (clock sys_clk rise edge)    0.000     0.000 r  <hidden>
    U7                                                0.000     0.000 r  clock
                         net (fo=0)                   0.000     0.000    clock
    U7                   IBUF (Prop_ibuf_I_O)         1.058     1.058 r  clock_IBUF_inst/O
                         net (fo=1, routed)           2.171     3.229    clock_IBUF
    BUFGCTRL_X0Y0        BUFG (Prop_bufg_I_O)         0.101     3.330 r  clock_IBUF_BUFG_inst/O
                         net (fo=68, routed)          1.789     5.119    clock_IBUF_BUFG
    SLICE_X103Y52        FDRE                                         r  sB_sig_reg[4]/C
  -------------------------------------------------------------------    -------------------
    SLICE_X103Y52        FDRE (Prop_fdre_C_Q)         0.456     5.575 r  sB_sig_reg[4]/Q
                         net (fo=4, routed)           0.901     6.476    sB_sig_reg_n_0_[4]
    SLICE_X102Y52        LUT4 (Prop_lut4_I1_O)        0.124     6.600 f  outReg[14]_i_8/O
                         net (fo=1, routed)           0.303     6.903    outReg[14]_i_8_n_0
    SLICE_X102Y53        LUT6 (Prop_lut6_I1_O)        0.124     7.027 r  outReg[14]_i_4/O
                         net (fo=8, routed)           0.582     7.609    p_0_in3_out
    SLICE_X105Y53        LUT5 (Prop_lut5_I3_O)        0.124     7.733 r  outReg[14]_i_1/O
                         net (fo=8, routed)           0.650     8.383    p_0_in2_out
    SLICE_X103Y55        FDSE                                         r  outReg_reg[11]/S
  -------------------------------------------------------------------    -------------------

                         (clock sys_clk rise edge)    5.000     5.000 r  <hidden>
    U7                                                0.000     5.000 r  clock
                         net (fo=0)                   0.000     5.000    clock
    U7                   IBUF (Prop_ibuf_I_O)         0.924     5.924 r  clock_IBUF_inst/O
                         net (fo=1, routed)           1.972     7.896    clock_IBUF
    BUFGCTRL_X0Y0        BUFG (Prop_bufg_I_O)         0.091     7.987 r  clock_IBUF_BUFG_inst/O
                         net (fo=68, routed)          1.612     9.599    clock_IBUF_BUFG
    SLICE_X103Y55        FDSE                                         r  outReg_reg[11]/C
                         clock pessimism              0.495    10.093    <hidden>
                         clock uncertainty           -0.035    10.058    <hidden>
    SLICE_X103Y55        FDSE (Setup_fdse_C_S)       -0.429     9.629    outReg_reg[11]
  -------------------------------------------------------------------
                         required time                          9.629    <hidden>
                         arrival time                          -8.383    <hidden>
  -------------------------------------------------------------------
                         slack                                  1.246    <hidden>

Slack (MET) :             1.246ns  (required time - arrival time)
  Source:                 sB_sig_reg[4]/C
                            (rising edge-triggered cell FDRE clocked by sys_clk  {rise@0.000ns fall@2.500ns period=5.000ns})
  Destination:            outReg_reg[12]/S
                            (rising edge-triggered cell FDSE clocked by sys_clk  {rise@0.000ns fall@2.500ns period=5.000ns})
  Path Group:             sys_clk
  Path Type:              Setup (Max at Slow Process Corner)
  Requirement:            5.000ns  (sys_clk rise@5.000ns - sys_clk rise@0.000ns)
  Data Path Delay:        3.264ns  (logic 0.828ns (25.371%)  route 2.436ns (74.629%))
  Logic Levels:           3  (LUT4=1 LUT5=1 LUT6=1)
  Clock Path Skew:        -0.026ns (DCD - SCD + CPR)
    Destination Clock Delay (DCD):    4.599ns = ( 9.599 - 5.000 ) 
    Source Clock Delay      (SCD):    5.119ns
    Clock Pessimism Removal (CPR):    0.495ns
  Clock Uncertainty:      0.035ns  ((TSJ^2 + TIJ^2)^1/2 + DJ) / 2 + PE
    Total System Jitter     (TSJ):    0.071ns
    Total Input Jitter      (TIJ):    0.000ns
    Discrete Jitter          (DJ):    0.000ns
    Phase Error              (PE):    0.000ns

    Location             Delay type                Incr(ns)  Path(ns)    Netlist Resource(s)
  -------------------------------------------------------------------    -------------------
                         (clock sys_clk rise edge)    0.000     0.000 r  <hidden>
    U7                                                0.000     0.000 r  clock
                         net (fo=0)                   0.000     0.000    clock
    U7                   IBUF (Prop_ibuf_I_O)         1.058     1.058 r  clock_IBUF_inst/O
                         net (fo=1, routed)           2.171     3.229    clock_IBUF
    BUFGCTRL_X0Y0        BUFG (Prop_bufg_I_O)         0.101     3.330 r  clock_IBUF_BUFG_inst/O
                         net (fo=68, routed)          1.789     5.119    clock_IBUF_BUFG
    SLICE_X103Y52        FDRE                                         r  sB_sig_reg[4]/C
  -------------------------------------------------------------------    -------------------
    SLICE_X103Y52        FDRE (Prop_fdre_C_Q)         0.456     5.575 r  sB_sig_reg[4]/Q
                         net (fo=4, routed)           0.901     6.476    sB_sig_reg_n_0_[4]
    SLICE_X102Y52        LUT4 (Prop_lut4_I1_O)        0.124     6.600 f  outReg[14]_i_8/O
                         net (fo=1, routed)           0.303     6.903    outReg[14]_i_8_n_0
    SLICE_X102Y53        LUT6 (Prop_lut6_I1_O)        0.124     7.027 r  outReg[14]_i_4/O
                         net (fo=8, routed)           0.582     7.609    p_0_in3_out
    SLICE_X105Y53        LUT5 (Prop_lut5_I3_O)        0.124     7.733 r  outReg[14]_i_1/O
                         net (fo=8, routed)           0.650     8.383    p_0_in2_out
    SLICE_X103Y55        FDSE                                         r  outReg_reg[12]/S
  -------------------------------------------------------------------    -------------------

                         (clock sys_clk rise edge)    5.000     5.000 r  <hidden>
    U7                                                0.000     5.000 r  clock
                         net (fo=0)                   0.000     5.000    clock
    U7                   IBUF (Prop_ibuf_I_O)         0.924     5.924 r  clock_IBUF_inst/O
                         net (fo=1, routed)           1.972     7.896    clock_IBUF
    BUFGCTRL_X0Y0        BUFG (Prop_bufg_I_O)         0.091     7.987 r  clock_IBUF_BUFG_inst/O
                         net (fo=68, routed)          1.612     9.599    clock_IBUF_BUFG
    SLICE_X103Y55        FDSE                                         r  outReg_reg[12]/C
                         clock pessimism              0.495    10.093    <hidden>
                         clock uncertainty           -0.035    10.058    <hidden>
    SLICE_X103Y55        FDSE (Setup_fdse_C_S)       -0.429     9.629    outReg_reg[12]
  -------------------------------------------------------------------
                         required time                          9.629    <hidden>
                         arrival time                          -8.383    <hidden>
  -------------------------------------------------------------------
                         slack                                  1.246    <hidden>

Slack (MET) :             1.261ns  (required time - arrival time)
  Source:                 sB_sig_reg[4]/C
                            (rising edge-triggered cell FDRE clocked by sys_clk  {rise@0.000ns fall@2.500ns period=5.000ns})
  Destination:            outReg_reg[10]/S
                            (rising edge-triggered cell FDSE clocked by sys_clk  {rise@0.000ns fall@2.500ns period=5.000ns})
  Path Group:             sys_clk
  Path Type:              Setup (Max at Slow Process Corner)
  Requirement:            5.000ns  (sys_clk rise@5.000ns - sys_clk rise@0.000ns)
  Data Path Delay:        3.116ns  (logic 0.828ns (26.570%)  route 2.288ns (73.430%))
  Logic Levels:           3  (LUT4=1 LUT5=1 LUT6=1)
  Clock Path Skew:        -0.063ns (DCD - SCD + CPR)
    Destination Clock Delay (DCD):    4.599ns = ( 9.599 - 5.000 ) 
    Source Clock Delay      (SCD):    5.119ns
    Clock Pessimism Removal (CPR):    0.458ns
  Clock Uncertainty:      0.035ns  ((TSJ^2 + TIJ^2)^1/2 + DJ) / 2 + PE
    Total System Jitter     (TSJ):    0.071ns
    Total Input Jitter      (TIJ):    0.000ns
    Discrete Jitter          (DJ):    0.000ns
    Phase Error              (PE):    0.000ns

    Location             Delay type                Incr(ns)  Path(ns)    Netlist Resource(s)
  -------------------------------------------------------------------    -------------------
                         (clock sys_clk rise edge)    0.000     0.000 r  <hidden>
    U7                                                0.000     0.000 r  clock
                         net (fo=0)                   0.000     0.000    clock
    U7                   IBUF (Prop_ibuf_I_O)         1.058     1.058 r  clock_IBUF_inst/O
                         net (fo=1, routed)           2.171     3.229    clock_IBUF
    BUFGCTRL_X0Y0        BUFG (Prop_bufg_I_O)         0.101     3.330 r  clock_IBUF_BUFG_inst/O
                         net (fo=68, routed)          1.789     5.119    clock_IBUF_BUFG
    SLICE_X103Y52        FDRE                                         r  sB_sig_reg[4]/C
  -------------------------------------------------------------------    -------------------
    SLICE_X103Y52        FDRE (Prop_fdre_C_Q)         0.456     5.575 r  sB_sig_reg[4]/Q
                         net (fo=4, routed)           0.901     6.476    sB_sig_reg_n_0_[4]
    SLICE_X102Y52        LUT4 (Prop_lut4_I1_O)        0.124     6.600 f  outReg[14]_i_8/O
                         net (fo=1, routed)           0.303     6.903    outReg[14]_i_8_n_0
    SLICE_X102Y53        LUT6 (Prop_lut6_I1_O)        0.124     7.027 r  outReg[14]_i_4/O
                         net (fo=8, routed)           0.582     7.609    p_0_in3_out
    SLICE_X105Y53        LUT5 (Prop_lut5_I3_O)        0.124     7.733 r  outReg[14]_i_1/O
                         net (fo=8, routed)           0.503     8.236    p_0_in2_out
    SLICE_X104Y55        FDSE                                         r  outReg_reg[10]/S
  -------------------------------------------------------------------    -------------------

                         (clock sys_clk rise edge)    5.000     5.000 r  <hidden>
    U7                                                0.000     5.000 r  clock
                         net (fo=0)                   0.000     5.000    clock
    U7                   IBUF (Prop_ibuf_I_O)         0.924     5.924 r  clock_IBUF_inst/O
                         net (fo=1, routed)           1.972     7.896    clock_IBUF
    BUFGCTRL_X0Y0        BUFG (Prop_bufg_I_O)         0.091     7.987 r  clock_IBUF_BUFG_inst/O
                         net (fo=68, routed)          1.612     9.599    clock_IBUF_BUFG
    SLICE_X104Y55        FDSE                                         r  outReg_reg[10]/C
                         clock pessimism              0.458    10.056    <hidden>
                         clock uncertainty           -0.035    10.021    <hidden>
    SLICE_X104Y55        FDSE (Setup_fdse_C_S)       -0.524     9.497    outReg_reg[10]
  -------------------------------------------------------------------
                         required time                          9.497    <hidden>
                         arrival time                          -8.236    <hidden>
  -------------------------------------------------------------------
                         slack                                  1.261    <hidden>

Slack (MET) :             1.261ns  (required time - arrival time)
  Source:                 sB_sig_reg[4]/C
                            (rising edge-triggered cell FDRE clocked by sys_clk  {rise@0.000ns fall@2.500ns period=5.000ns})
  Destination:            outReg_reg[13]/S
                            (rising edge-triggered cell FDSE clocked by sys_clk  {rise@0.000ns fall@2.500ns period=5.000ns})
  Path Group:             sys_clk
  Path Type:              Setup (Max at Slow Process Corner)
  Requirement:            5.000ns  (sys_clk rise@5.000ns - sys_clk rise@0.000ns)
  Data Path Delay:        3.116ns  (logic 0.828ns (26.570%)  route 2.288ns (73.430%))
  Logic Levels:           3  (LUT4=1 LUT5=1 LUT6=1)
  Clock Path Skew:        -0.063ns (DCD - SCD + CPR)
    Destination Clock Delay (DCD):    4.599ns = ( 9.599 - 5.000 ) 
    Source Clock Delay      (SCD):    5.119ns
    Clock Pessimism Removal (CPR):    0.458ns
  Clock Uncertainty:      0.035ns  ((TSJ^2 + TIJ^2)^1/2 + DJ) / 2 + PE
    Total System Jitter     (TSJ):    0.071ns
    Total Input Jitter      (TIJ):    0.000ns
    Discrete Jitter          (DJ):    0.000ns
    Phase Error              (PE):    0.000ns

    Location             Delay type                Incr(ns)  Path(ns)    Netlist Resource(s)
  -------------------------------------------------------------------    -------------------
                         (clock sys_clk rise edge)    0.000     0.000 r  <hidden>
    U7                                                0.000     0.000 r  clock
                         net (fo=0)                   0.000     0.000    clock
    U7                   IBUF (Prop_ibuf_I_O)         1.058     1.058 r  clock_IBUF_inst/O
                         net (fo=1, routed)           2.171     3.229    clock_IBUF
    BUFGCTRL_X0Y0        BUFG (Prop_bufg_I_O)         0.101     3.330 r  clock_IBUF_BUFG_inst/O
                         net (fo=68, routed)          1.789     5.119    clock_IBUF_BUFG
    SLICE_X103Y52        FDRE                                         r  sB_sig_reg[4]/C
  -------------------------------------------------------------------    -------------------
    SLICE_X103Y52        FDRE (Prop_fdre_C_Q)         0.456     5.575 r  sB_sig_reg[4]/Q
                         net (fo=4, routed)           0.901     6.476    sB_sig_reg_n_0_[4]
    SLICE_X102Y52        LUT4 (Prop_lut4_I1_O)        0.124     6.600 f  outReg[14]_i_8/O
                         net (fo=1, routed)           0.303     6.903    outReg[14]_i_8_n_0
    SLICE_X102Y53        LUT6 (Prop_lut6_I1_O)        0.124     7.027 r  outReg[14]_i_4/O
                         net (fo=8, routed)           0.582     7.609    p_0_in3_out
    SLICE_X105Y53        LUT5 (Prop_lut5_I3_O)        0.124     7.733 r  outReg[14]_i_1/O
                         net (fo=8, routed)           0.503     8.236    p_0_in2_out
    SLICE_X104Y55        FDSE                                         r  outReg_reg[13]/S
  -------------------------------------------------------------------    -------------------

                         (clock sys_clk rise edge)    5.000     5.000 r  <hidden>
    U7                                                0.000     5.000 r  clock
                         net (fo=0)                   0.000     5.000    clock
    U7                   IBUF (Prop_ibuf_I_O)         0.924     5.924 r  clock_IBUF_inst/O
                         net (fo=1, routed)           1.972     7.896    clock_IBUF
    BUFGCTRL_X0Y0        BUFG (Prop_bufg_I_O)         0.091     7.987 r  clock_IBUF_BUFG_inst/O
                         net (fo=68, routed)          1.612     9.599    clock_IBUF_BUFG
    SLICE_X104Y55        FDSE                                         r  outReg_reg[13]/C
                         clock pessimism              0.458    10.056    <hidden>
                         clock uncertainty           -0.035    10.021    <hidden>
    SLICE_X104Y55        FDSE (Setup_fdse_C_S)       -0.524     9.497    outReg_reg[13]
  -------------------------------------------------------------------
                         required time                          9.497    <hidden>
                         arrival time                          -8.236    <hidden>
  -------------------------------------------------------------------
                         slack                                  1.261    <hidden>





Min Delay Paths
--------------------------------------------------------------------------------------
Slack (MET) :             0.156ns  (arrival time - required time)
  Source:                 sA_tempExp_r_reg[6]/C
                            (rising edge-triggered cell FDRE clocked by sys_clk  {rise@0.000ns fall@2.500ns period=5.000ns})
  Destination:            sA_tempExp_reg[6]/D
                            (rising edge-triggered cell FDRE clocked by sys_clk  {rise@0.000ns fall@2.500ns period=5.000ns})
  Path Group:             sys_clk
  Path Type:              Hold (Min at Fast Process Corner)
  Requirement:            0.000ns  (sys_clk rise@0.000ns - sys_clk rise@0.000ns)
  Data Path Delay:        0.220ns  (logic 0.164ns (74.580%)  route 0.056ns (25.420%))
  Logic Levels:           0  
  Clock Path Skew:        0.000ns (DCD - SCD - CPR)
    Destination Clock Delay (DCD):    2.104ns
    Source Clock Delay      (SCD):    1.585ns
    Clock Pessimism Removal (CPR):    0.519ns

    Location             Delay type                Incr(ns)  Path(ns)    Netlist Resource(s)
  -------------------------------------------------------------------    -------------------
                         (clock sys_clk rise edge)    0.000     0.000 r  <hidden>
    U7                                                0.000     0.000 r  clock
                         net (fo=0)                   0.000     0.000    clock
    U7                   IBUF (Prop_ibuf_I_O)         0.286     0.286 r  clock_IBUF_inst/O
                         net (fo=1, routed)           0.663     0.949    clock_IBUF
    BUFGCTRL_X0Y0        BUFG (Prop_bufg_I_O)         0.026     0.975 r  clock_IBUF_BUFG_inst/O
                         net (fo=68, routed)          0.610     1.585    clock_IBUF_BUFG
    SLICE_X102Y55        FDRE                                         r  sA_tempExp_r_reg[6]/C
  -------------------------------------------------------------------    -------------------
    SLICE_X102Y55        FDRE (Prop_fdre_C_Q)         0.164     1.749 r  sA_tempExp_r_reg[6]/Q
                         net (fo=1, routed)           0.056     1.805    sA_tempExp_r[6]
    SLICE_X102Y55        FDRE                                         r  sA_tempExp_reg[6]/D
  -------------------------------------------------------------------    -------------------

                         (clock sys_clk rise edge)    0.000     0.000 r  <hidden>
    U7                                                0.000     0.000 r  clock
                         net (fo=0)                   0.000     0.000    clock
    U7                   IBUF (Prop_ibuf_I_O)         0.476     0.476 r  clock_IBUF_inst/O
                         net (fo=1, routed)           0.719     1.195    clock_IBUF
    BUFGCTRL_X0Y0        BUFG (Prop_bufg_I_O)         0.029     1.224 r  clock_IBUF_BUFG_inst/O
                         net (fo=68, routed)          0.880     2.104    clock_IBUF_BUFG
    SLICE_X102Y55        FDRE                                         r  sA_tempExp_reg[6]/C
                         clock pessimism             -0.519     1.585    <hidden>
    SLICE_X102Y55        FDRE (Hold_fdre_C_D)         0.064     1.649    sA_tempExp_reg[6]
  -------------------------------------------------------------------
                         required time                         -1.649    <hidden>
                         arrival time                           1.805    <hidden>
  -------------------------------------------------------------------
                         slack                                  0.156    <hidden>

Slack (MET) :             0.156ns  (arrival time - required time)
  Source:                 sA_tempExp_r_reg[7]/C
                            (rising edge-triggered cell FDRE clocked by sys_clk  {rise@0.000ns fall@2.500ns period=5.000ns})
  Destination:            sA_tempExp_reg[7]/D
                            (rising edge-triggered cell FDRE clocked by sys_clk  {rise@0.000ns fall@2.500ns period=5.000ns})
  Path Group:             sys_clk
  Path Type:              Hold (Min at Fast Process Corner)
  Requirement:            0.000ns  (sys_clk rise@0.000ns - sys_clk rise@0.000ns)
  Data Path Delay:        0.220ns  (logic 0.164ns (74.580%)  route 0.056ns (25.420%))
  Logic Levels:           0  
  Clock Path Skew:        0.000ns (DCD - SCD - CPR)
    Destination Clock Delay (DCD):    2.104ns
    Source Clock Delay      (SCD):    1.585ns
    Clock Pessimism Removal (CPR):    0.519ns

    Location             Delay type                Incr(ns)  Path(ns)    Netlist Resource(s)
  -------------------------------------------------------------------    -------------------
                         (clock sys_clk rise edge)    0.000     0.000 r  <hidden>
    U7                                                0.000     0.000 r  clock
                         net (fo=0)                   0.000     0.000    clock
    U7                   IBUF (Prop_ibuf_I_O)         0.286     0.286 r  clock_IBUF_inst/O
                         net (fo=1, routed)           0.663     0.949    clock_IBUF
    BUFGCTRL_X0Y0        BUFG (Prop_bufg_I_O)         0.026     0.975 r  clock_IBUF_BUFG_inst/O
                         net (fo=68, routed)          0.610     1.585    clock_IBUF_BUFG
    SLICE_X102Y55        FDRE                                         r  sA_tempExp_r_reg[7]/C
  -------------------------------------------------------------------    -------------------
    SLICE_X102Y55        FDRE (Prop_fdre_C_Q)         0.164     1.749 r  sA_tempExp_r_reg[7]/Q
                         net (fo=1, routed)           0.056     1.805    sA_tempExp_r[7]
    SLICE_X102Y55        FDRE                                         r  sA_tempExp_reg[7]/D
  -------------------------------------------------------------------    -------------------

                         (clock sys_clk rise edge)    0.000     0.000 r  <hidden>
    U7                                                0.000     0.000 r  clock
                         net (fo=0)                   0.000     0.000    clock
    U7                   IBUF (Prop_ibuf_I_O)         0.476     0.476 r  clock_IBUF_inst/O
                         net (fo=1, routed)           0.719     1.195    clock_IBUF
    BUFGCTRL_X0Y0        BUFG (Prop_bufg_I_O)         0.029     1.224 r  clock_IBUF_BUFG_inst/O
                         net (fo=68, routed)          0.880     2.104    clock_IBUF_BUFG
    SLICE_X102Y55        FDRE                                         r  sA_tempExp_reg[7]/C
                         clock pessimism             -0.519     1.585    <hidden>
    SLICE_X102Y55        FDRE (Hold_fdre_C_D)         0.064     1.649    sA_tempExp_reg[7]
  -------------------------------------------------------------------
                         required time                         -1.649    <hidden>
                         arrival time                           1.805    <hidden>
  -------------------------------------------------------------------
                         slack                                  0.156    <hidden>

Slack (MET) :             0.160ns  (arrival time - required time)
  Source:                 sA_tempExp_r_reg[0]/C
                            (rising edge-triggered cell FDRE clocked by sys_clk  {rise@0.000ns fall@2.500ns period=5.000ns})
  Destination:            sA_tempExp_reg[0]/D
                            (rising edge-triggered cell FDRE clocked by sys_clk  {rise@0.000ns fall@2.500ns period=5.000ns})
  Path Group:             sys_clk
  Path Type:              Hold (Min at Fast Process Corner)
  Requirement:            0.000ns  (sys_clk rise@0.000ns - sys_clk rise@0.000ns)
  Data Path Delay:        0.220ns  (logic 0.164ns (74.580%)  route 0.056ns (25.420%))
  Logic Levels:           0  
  Clock Path Skew:        0.000ns (DCD - SCD - CPR)
    Destination Clock Delay (DCD):    2.104ns
    Source Clock Delay      (SCD):    1.585ns
    Clock Pessimism Removal (CPR):    0.519ns

    Location             Delay type                Incr(ns)  Path(ns)    Netlist Resource(s)
  -------------------------------------------------------------------    -------------------
                         (clock sys_clk rise edge)    0.000     0.000 r  <hidden>
    U7                                                0.000     0.000 r  clock
                         net (fo=0)                   0.000     0.000    clock
    U7                   IBUF (Prop_ibuf_I_O)         0.286     0.286 r  clock_IBUF_inst/O
                         net (fo=1, routed)           0.663     0.949    clock_IBUF
    BUFGCTRL_X0Y0        BUFG (Prop_bufg_I_O)         0.026     0.975 r  clock_IBUF_BUFG_inst/O
                         net (fo=68, routed)          0.610     1.585    clock_IBUF_BUFG
    SLICE_X102Y54        FDRE                                         r  sA_tempExp_r_reg[0]/C
  -------------------------------------------------------------------    -------------------
    SLICE_X102Y54        FDRE (Prop_fdre_C_Q)         0.164     1.749 r  sA_tempExp_r_reg[0]/Q
                         net (fo=1, routed)           0.056     1.805    sA_tempExp_r[0]
    SLICE_X102Y54        FDRE                                         r  sA_tempExp_reg[0]/D
  -------------------------------------------------------------------    -------------------

                         (clock sys_clk rise edge)    0.000     0.000 r  <hidden>
    U7                                                0.000     0.000 r  clock
                         net (fo=0)                   0.000     0.000    clock
    U7                   IBUF (Prop_ibuf_I_O)         0.476     0.476 r  clock_IBUF_inst/O
                         net (fo=1, routed)           0.719     1.195    clock_IBUF
    BUFGCTRL_X0Y0        BUFG (Prop_bufg_I_O)         0.029     1.224 r  clock_IBUF_BUFG_inst/O
                         net (fo=68, routed)          0.880     2.104    clock_IBUF_BUFG
    SLICE_X102Y54        FDRE                                         r  sA_tempExp_reg[0]/C
                         clock pessimism             -0.519     1.585    <hidden>
    SLICE_X102Y54        FDRE (Hold_fdre_C_D)         0.060     1.645    sA_tempExp_reg[0]
  -------------------------------------------------------------------
                         required time                         -1.645    <hidden>
                         arrival time                           1.805    <hidden>
  -------------------------------------------------------------------
                         slack                                  0.160    <hidden>

Slack (MET) :             0.160ns  (arrival time - required time)
  Source:                 sA_tempExp_r_reg[4]/C
                            (rising edge-triggered cell FDRE clocked by sys_clk  {rise@0.000ns fall@2.500ns period=5.000ns})
  Destination:            sA_tempExp_reg[4]/D
                            (rising edge-triggered cell FDRE clocked by sys_clk  {rise@0.000ns fall@2.500ns period=5.000ns})
  Path Group:             sys_clk
  Path Type:              Hold (Min at Fast Process Corner)
  Requirement:            0.000ns  (sys_clk rise@0.000ns - sys_clk rise@0.000ns)
  Data Path Delay:        0.220ns  (logic 0.164ns (74.580%)  route 0.056ns (25.420%))
  Logic Levels:           0  
  Clock Path Skew:        0.000ns (DCD - SCD - CPR)
    Destination Clock Delay (DCD):    2.104ns
    Source Clock Delay      (SCD):    1.585ns
    Clock Pessimism Removal (CPR):    0.519ns

    Location             Delay type                Incr(ns)  Path(ns)    Netlist Resource(s)
  -------------------------------------------------------------------    -------------------
                         (clock sys_clk rise edge)    0.000     0.000 r  <hidden>
    U7                                                0.000     0.000 r  clock
                         net (fo=0)                   0.000     0.000    clock
    U7                   IBUF (Prop_ibuf_I_O)         0.286     0.286 r  clock_IBUF_inst/O
                         net (fo=1, routed)           0.663     0.949    clock_IBUF
    BUFGCTRL_X0Y0        BUFG (Prop_bufg_I_O)         0.026     0.975 r  clock_IBUF_BUFG_inst/O
                         net (fo=68, routed)          0.610     1.585    clock_IBUF_BUFG
    SLICE_X102Y55        FDRE                                         r  sA_tempExp_r_reg[4]/C
  -------------------------------------------------------------------    -------------------
    SLICE_X102Y55        FDRE (Prop_fdre_C_Q)         0.164     1.749 r  sA_tempExp_r_reg[4]/Q
                         net (fo=1, routed)           0.056     1.805    sA_tempExp_r[4]
    SLICE_X102Y55        FDRE                                         r  sA_tempExp_reg[4]/D
  -------------------------------------------------------------------    -------------------

                         (clock sys_clk rise edge)    0.000     0.000 r  <hidden>
    U7                                                0.000     0.000 r  clock
                         net (fo=0)                   0.000     0.000    clock
    U7                   IBUF (Prop_ibuf_I_O)         0.476     0.476 r  clock_IBUF_inst/O
                         net (fo=1, routed)           0.719     1.195    clock_IBUF
    BUFGCTRL_X0Y0        BUFG (Prop_bufg_I_O)         0.029     1.224 r  clock_IBUF_BUFG_inst/O
                         net (fo=68, routed)          0.880     2.104    clock_IBUF_BUFG
    SLICE_X102Y55        FDRE                                         r  sA_tempExp_reg[4]/C
                         clock pessimism             -0.519     1.585    <hidden>
    SLICE_X102Y55        FDRE (Hold_fdre_C_D)         0.060     1.645    sA_tempExp_reg[4]
  -------------------------------------------------------------------
                         required time                         -1.645    <hidden>
                         arrival time                           1.805    <hidden>
  -------------------------------------------------------------------
                         slack                                  0.160    <hidden>

Slack (MET) :             0.167ns  (arrival time - required time)
  Source:                 sA_tempExp_r_reg[1]/C
                            (rising edge-triggered cell FDRE clocked by sys_clk  {rise@0.000ns fall@2.500ns period=5.000ns})
  Destination:            sA_tempExp_reg[1]/D
                            (rising edge-triggered cell FDRE clocked by sys_clk  {rise@0.000ns fall@2.500ns period=5.000ns})
  Path Group:             sys_clk
  Path Type:              Hold (Min at Fast Process Corner)
  Requirement:            0.000ns  (sys_clk rise@0.000ns - sys_clk rise@0.000ns)
  Data Path Delay:        0.220ns  (logic 0.164ns (74.580%)  route 0.056ns (25.420%))
  Logic Levels:           0  
  Clock Path Skew:        0.000ns (DCD - SCD - CPR)
    Destination Clock Delay (DCD):    2.104ns
    Source Clock Delay      (SCD):    1.585ns
    Clock Pessimism Removal (CPR):    0.519ns

    Location             Delay type                Incr(ns)  Path(ns)    Netlist Resource(s)
  -------------------------------------------------------------------    -------------------
                         (clock sys_clk rise edge)    0.000     0.000 r  <hidden>
    U7                                                0.000     0.000 r  clock
                         net (fo=0)                   0.000     0.000    clock
    U7                   IBUF (Prop_ibuf_I_O)         0.286     0.286 r  clock_IBUF_inst/O
                         net (fo=1, routed)           0.663     0.949    clock_IBUF
    BUFGCTRL_X0Y0        BUFG (Prop_bufg_I_O)         0.026     0.975 r  clock_IBUF_BUFG_inst/O
                         net (fo=68, routed)          0.610     1.585    clock_IBUF_BUFG
    SLICE_X102Y54        FDRE                                         r  sA_tempExp_r_reg[1]/C
  -------------------------------------------------------------------    -------------------
    SLICE_X102Y54        FDRE (Prop_fdre_C_Q)         0.164     1.749 r  sA_tempExp_r_reg[1]/Q
                         net (fo=1, routed)           0.056     1.805    sA_tempExp_r[1]
    SLICE_X102Y54        FDRE                                         r  sA_tempExp_reg[1]/D
  -------------------------------------------------------------------    -------------------

                         (clock sys_clk rise edge)    0.000     0.000 r  <hidden>
    U7                                                0.000     0.000 r  clock
                         net (fo=0)                   0.000     0.000    clock
    U7                   IBUF (Prop_ibuf_I_O)         0.476     0.476 r  clock_IBUF_inst/O
                         net (fo=1, routed)           0.719     1.195    clock_IBUF
    BUFGCTRL_X0Y0        BUFG (Prop_bufg_I_O)         0.029     1.224 r  clock_IBUF_BUFG_inst/O
                         net (fo=68, routed)          0.880     2.104    clock_IBUF_BUFG
    SLICE_X102Y54        FDRE                                         r  sA_tempExp_reg[1]/C
                         clock pessimism             -0.519     1.585    <hidden>
    SLICE_X102Y54        FDRE (Hold_fdre_C_D)         0.053     1.638    sA_tempExp_reg[1]
  -------------------------------------------------------------------
                         required time                         -1.638    <hidden>
                         arrival time                           1.805    <hidden>
  -------------------------------------------------------------------
                         slack                                  0.167    <hidden>

Slack (MET) :             0.167ns  (arrival time - required time)
  Source:                 sA_tempExp_r_reg[5]/C
                            (rising edge-triggered cell FDRE clocked by sys_clk  {rise@0.000ns fall@2.500ns period=5.000ns})
  Destination:            sA_tempExp_reg[5]/D
                            (rising edge-triggered cell FDRE clocked by sys_clk  {rise@0.000ns fall@2.500ns period=5.000ns})
  Path Group:             sys_clk
  Path Type:              Hold (Min at Fast Process Corner)
  Requirement:            0.000ns  (sys_clk rise@0.000ns - sys_clk rise@0.000ns)
  Data Path Delay:        0.220ns  (logic 0.164ns (74.580%)  route 0.056ns (25.420%))
  Logic Levels:           0  
  Clock Path Skew:        0.000ns (DCD - SCD - CPR)
    Destination Clock Delay (DCD):    2.104ns
    Source Clock Delay      (SCD):    1.585ns
    Clock Pessimism Removal (CPR):    0.519ns

    Location             Delay type                Incr(ns)  Path(ns)    Netlist Resource(s)
  -------------------------------------------------------------------    -------------------
                         (clock sys_clk rise edge)    0.000     0.000 r  <hidden>
    U7                                                0.000     0.000 r  clock
                         net (fo=0)                   0.000     0.000    clock
    U7                   IBUF (Prop_ibuf_I_O)         0.286     0.286 r  clock_IBUF_inst/O
                         net (fo=1, routed)           0.663     0.949    clock_IBUF
    BUFGCTRL_X0Y0        BUFG (Prop_bufg_I_O)         0.026     0.975 r  clock_IBUF_BUFG_inst/O
                         net (fo=68, routed)          0.610     1.585    clock_IBUF_BUFG
    SLICE_X102Y55        FDRE                                         r  sA_tempExp_r_reg[5]/C
  -------------------------------------------------------------------    -------------------
    SLICE_X102Y55        FDRE (Prop_fdre_C_Q)         0.164     1.749 r  sA_tempExp_r_reg[5]/Q
                         net (fo=1, routed)           0.056     1.805    sA_tempExp_r[5]
    SLICE_X102Y55        FDRE                                         r  sA_tempExp_reg[5]/D
  -------------------------------------------------------------------    -------------------

                         (clock sys_clk rise edge)    0.000     0.000 r  <hidden>
    U7                                                0.000     0.000 r  clock
                         net (fo=0)                   0.000     0.000    clock
    U7                   IBUF (Prop_ibuf_I_O)         0.476     0.476 r  clock_IBUF_inst/O
                         net (fo=1, routed)           0.719     1.195    clock_IBUF
    BUFGCTRL_X0Y0        BUFG (Prop_bufg_I_O)         0.029     1.224 r  clock_IBUF_BUFG_inst/O
                         net (fo=68, routed)          0.880     2.104    clock_IBUF_BUFG
    SLICE_X102Y55        FDRE                                         r  sA_tempExp_reg[5]/C
                         clock pessimism             -0.519     1.585    <hidden>
    SLICE_X102Y55        FDRE (Hold_fdre_C_D)         0.053     1.638    sA_tempExp_reg[5]
  -------------------------------------------------------------------
                         required time                         -1.638    <hidden>
                         arrival time                           1.805    <hidden>
  -------------------------------------------------------------------
                         slack                                  0.167    <hidden>

Slack (MET) :             0.191ns  (arrival time - required time)
  Source:                 sB_sig_reg[2]/C
                            (rising edge-triggered cell FDRE clocked by sys_clk  {rise@0.000ns fall@2.500ns period=5.000ns})
  Destination:            outReg_reg[2]/D
                            (rising edge-triggered cell FDRE clocked by sys_clk  {rise@0.000ns fall@2.500ns period=5.000ns})
  Path Group:             sys_clk
  Path Type:              Hold (Min at Fast Process Corner)
  Requirement:            0.000ns  (sys_clk rise@0.000ns - sys_clk rise@0.000ns)
  Data Path Delay:        0.358ns  (logic 0.189ns (52.804%)  route 0.169ns (47.196%))
  Logic Levels:           1  (LUT4=1)
  Clock Path Skew:        0.036ns (DCD - SCD - CPR)
    Destination Clock Delay (DCD):    2.105ns
    Source Clock Delay      (SCD):    1.586ns
    Clock Pessimism Removal (CPR):    0.483ns

    Location             Delay type                Incr(ns)  Path(ns)    Netlist Resource(s)
  -------------------------------------------------------------------    -------------------
                         (clock sys_clk rise edge)    0.000     0.000 r  <hidden>
    U7                                                0.000     0.000 r  clock
                         net (fo=0)                   0.000     0.000    clock
    U7                   IBUF (Prop_ibuf_I_O)         0.286     0.286 r  clock_IBUF_inst/O
                         net (fo=1, routed)           0.663     0.949    clock_IBUF
    BUFGCTRL_X0Y0        BUFG (Prop_bufg_I_O)         0.026     0.975 r  clock_IBUF_BUFG_inst/O
                         net (fo=68, routed)          0.611     1.586    clock_IBUF_BUFG
    SLICE_X103Y52        FDRE                                         r  sB_sig_reg[2]/C
  -------------------------------------------------------------------    -------------------
    SLICE_X103Y52        FDRE (Prop_fdre_C_Q)         0.141     1.727 r  sB_sig_reg[2]/Q
                         net (fo=4, routed)           0.169     1.896    sB_sig_reg_n_0_[2]
    SLICE_X104Y53        LUT4 (Prop_lut4_I3_O)        0.048     1.944 r  outReg[2]_i_1/O
                         net (fo=1, routed)           0.000     1.944    outReg[2]_i_1_n_0
    SLICE_X104Y53        FDRE                                         r  outReg_reg[2]/D
  -------------------------------------------------------------------    -------------------

                         (clock sys_clk rise edge)    0.000     0.000 r  <hidden>
    U7                                                0.000     0.000 r  clock
                         net (fo=0)                   0.000     0.000    clock
    U7                   IBUF (Prop_ibuf_I_O)         0.476     0.476 r  clock_IBUF_inst/O
                         net (fo=1, routed)           0.719     1.195    clock_IBUF
    BUFGCTRL_X0Y0        BUFG (Prop_bufg_I_O)         0.029     1.224 r  clock_IBUF_BUFG_inst/O
                         net (fo=68, routed)          0.881     2.105    clock_IBUF_BUFG
    SLICE_X104Y53        FDRE                                         r  outReg_reg[2]/C
                         clock pessimism             -0.483     1.622    <hidden>
    SLICE_X104Y53        FDRE (Hold_fdre_C_D)         0.131     1.753    outReg_reg[2]
  -------------------------------------------------------------------
                         required time                         -1.753    <hidden>
                         arrival time                           1.944    <hidden>
  -------------------------------------------------------------------
                         slack                                  0.191    <hidden>

Slack (MET) :             0.191ns  (arrival time - required time)
  Source:                 sA_tempExp_r_reg[3]/C
                            (rising edge-triggered cell FDRE clocked by sys_clk  {rise@0.000ns fall@2.500ns period=5.000ns})
  Destination:            sA_tempExp_reg[3]/D
                            (rising edge-triggered cell FDRE clocked by sys_clk  {rise@0.000ns fall@2.500ns period=5.000ns})
  Path Group:             sys_clk
  Path Type:              Hold (Min at Fast Process Corner)
  Requirement:            0.000ns  (sys_clk rise@0.000ns - sys_clk rise@0.000ns)
  Data Path Delay:        0.280ns  (logic 0.164ns (58.537%)  route 0.116ns (41.463%))
  Logic Levels:           0  
  Clock Path Skew:        0.013ns (DCD - SCD - CPR)
    Destination Clock Delay (DCD):    2.104ns
    Source Clock Delay      (SCD):    1.585ns
    Clock Pessimism Removal (CPR):    0.506ns

    Location             Delay type                Incr(ns)  Path(ns)    Netlist Resource(s)
  -------------------------------------------------------------------    -------------------
                         (clock sys_clk rise edge)    0.000     0.000 r  <hidden>
    U7                                                0.000     0.000 r  clock
                         net (fo=0)                   0.000     0.000    clock
    U7                   IBUF (Prop_ibuf_I_O)         0.286     0.286 r  clock_IBUF_inst/O
                         net (fo=1, routed)           0.663     0.949    clock_IBUF
    BUFGCTRL_X0Y0        BUFG (Prop_bufg_I_O)         0.026     0.975 r  clock_IBUF_BUFG_inst/O
                         net (fo=68, routed)          0.610     1.585    clock_IBUF_BUFG
    SLICE_X102Y54        FDRE                                         r  sA_tempExp_r_reg[3]/C
  -------------------------------------------------------------------    -------------------
    SLICE_X102Y54        FDRE (Prop_fdre_C_Q)         0.164     1.749 r  sA_tempExp_r_reg[3]/Q
                         net (fo=1, routed)           0.116     1.865    sA_tempExp_r[3]
    SLICE_X103Y54        FDRE                                         r  sA_tempExp_reg[3]/D
  -------------------------------------------------------------------    -------------------

                         (clock sys_clk rise edge)    0.000     0.000 r  <hidden>
    U7                                                0.000     0.000 r  clock
                         net (fo=0)                   0.000     0.000    clock
    U7                   IBUF (Prop_ibuf_I_O)         0.476     0.476 r  clock_IBUF_inst/O
                         net (fo=1, routed)           0.719     1.195    clock_IBUF
    BUFGCTRL_X0Y0        BUFG (Prop_bufg_I_O)         0.029     1.224 r  clock_IBUF_BUFG_inst/O
                         net (fo=68, routed)          0.880     2.104    clock_IBUF_BUFG
    SLICE_X103Y54        FDRE                                         r  sA_tempExp_reg[3]/C
                         clock pessimism             -0.506     1.598    <hidden>
    SLICE_X103Y54        FDRE (Hold_fdre_C_D)         0.076     1.674    sA_tempExp_reg[3]
  -------------------------------------------------------------------
                         required time                         -1.674    <hidden>
                         arrival time                           1.865    <hidden>
  -------------------------------------------------------------------
                         slack                                  0.191    <hidden>

Slack (MET) :             0.201ns  (arrival time - required time)
  Source:                 sA_tempExp_r_reg[2]/C
                            (rising edge-triggered cell FDRE clocked by sys_clk  {rise@0.000ns fall@2.500ns period=5.000ns})
  Destination:            sA_tempExp_reg[2]/D
                            (rising edge-triggered cell FDRE clocked by sys_clk  {rise@0.000ns fall@2.500ns period=5.000ns})
  Path Group:             sys_clk
  Path Type:              Hold (Min at Fast Process Corner)
  Requirement:            0.000ns  (sys_clk rise@0.000ns - sys_clk rise@0.000ns)
  Data Path Delay:        0.280ns  (logic 0.164ns (58.537%)  route 0.116ns (41.463%))
  Logic Levels:           0  
  Clock Path Skew:        0.013ns (DCD - SCD - CPR)
    Destination Clock Delay (DCD):    2.104ns
    Source Clock Delay      (SCD):    1.585ns
    Clock Pessimism Removal (CPR):    0.506ns

    Location             Delay type                Incr(ns)  Path(ns)    Netlist Resource(s)
  -------------------------------------------------------------------    -------------------
                         (clock sys_clk rise edge)    0.000     0.000 r  <hidden>
    U7                                                0.000     0.000 r  clock
                         net (fo=0)                   0.000     0.000    clock
    U7                   IBUF (Prop_ibuf_I_O)         0.286     0.286 r  clock_IBUF_inst/O
                         net (fo=1, routed)           0.663     0.949    clock_IBUF
    BUFGCTRL_X0Y0        BUFG (Prop_bufg_I_O)         0.026     0.975 r  clock_IBUF_BUFG_inst/O
                         net (fo=68, routed)          0.610     1.585    clock_IBUF_BUFG
    SLICE_X102Y54        FDRE                                         r  sA_tempExp_r_reg[2]/C
  -------------------------------------------------------------------    -------------------
    SLICE_X102Y54        FDRE (Prop_fdre_C_Q)         0.164     1.749 r  sA_tempExp_r_reg[2]/Q
                         net (fo=1, routed)           0.116     1.865    sA_tempExp_r[2]
    SLICE_X103Y54        FDRE                                         r  sA_tempExp_reg[2]/D
  -------------------------------------------------------------------    -------------------

                         (clock sys_clk rise edge)    0.000     0.000 r  <hidden>
    U7                                                0.000     0.000 r  clock
                         net (fo=0)                   0.000     0.000    clock
    U7                   IBUF (Prop_ibuf_I_O)         0.476     0.476 r  clock_IBUF_inst/O
                         net (fo=1, routed)           0.719     1.195    clock_IBUF
    BUFGCTRL_X0Y0        BUFG (Prop_bufg_I_O)         0.029     1.224 r  clock_IBUF_BUFG_inst/O
                         net (fo=68, routed)          0.880     2.104    clock_IBUF_BUFG
    SLICE_X103Y54        FDRE                                         r  sA_tempExp_reg[2]/C
                         clock pessimism             -0.506     1.598    <hidden>
    SLICE_X103Y54        FDRE (Hold_fdre_C_D)         0.066     1.664    sA_tempExp_reg[2]
  -------------------------------------------------------------------
                         required time                         -1.664    <hidden>
                         arrival time                           1.865    <hidden>
  -------------------------------------------------------------------
                         slack                                  0.201    <hidden>

Slack (MET) :             0.255ns  (arrival time - required time)
  Source:                 sA_tempExp_r_reg[8]/C
                            (rising edge-triggered cell FDRE clocked by sys_clk  {rise@0.000ns fall@2.500ns period=5.000ns})
  Destination:            sA_tempExp_reg[8]/D
                            (rising edge-triggered cell FDRE clocked by sys_clk  {rise@0.000ns fall@2.500ns period=5.000ns})
  Path Group:             sys_clk
  Path Type:              Hold (Min at Fast Process Corner)
  Requirement:            0.000ns  (sys_clk rise@0.000ns - sys_clk rise@0.000ns)
  Data Path Delay:        0.334ns  (logic 0.164ns (49.062%)  route 0.170ns (50.938%))
  Logic Levels:           0  
  Clock Path Skew:        0.013ns (DCD - SCD - CPR)
    Destination Clock Delay (DCD):    2.104ns
    Source Clock Delay      (SCD):    1.585ns
    Clock Pessimism Removal (CPR):    0.506ns

    Location             Delay type                Incr(ns)  Path(ns)    Netlist Resource(s)
  -------------------------------------------------------------------    -------------------
                         (clock sys_clk rise edge)    0.000     0.000 r  <hidden>
    U7                                                0.000     0.000 r  clock
                         net (fo=0)                   0.000     0.000    clock
    U7                   IBUF (Prop_ibuf_I_O)         0.286     0.286 r  clock_IBUF_inst/O
                         net (fo=1, routed)           0.663     0.949    clock_IBUF
    BUFGCTRL_X0Y0        BUFG (Prop_bufg_I_O)         0.026     0.975 r  clock_IBUF_BUFG_inst/O
                         net (fo=68, routed)          0.610     1.585    clock_IBUF_BUFG
    SLICE_X102Y56        FDRE                                         r  sA_tempExp_r_reg[8]/C
  -------------------------------------------------------------------    -------------------
    SLICE_X102Y56        FDRE (Prop_fdre_C_Q)         0.164     1.749 r  sA_tempExp_r_reg[8]/Q
                         net (fo=1, routed)           0.170     1.919    sA_tempExp_r[8]
    SLICE_X103Y56        FDRE                                         r  sA_tempExp_reg[8]/D
  -------------------------------------------------------------------    -------------------

                         (clock sys_clk rise edge)    0.000     0.000 r  <hidden>
    U7                                                0.000     0.000 r  clock
                         net (fo=0)                   0.000     0.000    clock
    U7                   IBUF (Prop_ibuf_I_O)         0.476     0.476 r  clock_IBUF_inst/O
                         net (fo=1, routed)           0.719     1.195    clock_IBUF
    BUFGCTRL_X0Y0        BUFG (Prop_bufg_I_O)         0.029     1.224 r  clock_IBUF_BUFG_inst/O
                         net (fo=68, routed)          0.880     2.104    clock_IBUF_BUFG
    SLICE_X103Y56        FDRE                                         r  sA_tempExp_reg[8]/C
                         clock pessimism             -0.506     1.598    <hidden>
    SLICE_X103Y56        FDRE (Hold_fdre_C_D)         0.066     1.664    sA_tempExp_reg[8]
  -------------------------------------------------------------------
                         required time                         -1.664    <hidden>
                         arrival time                           1.919    <hidden>
  -------------------------------------------------------------------
                         slack                                  0.255    <hidden>





Pulse Width Checks
--------------------------------------------------------------------------------------
Clock Name:         sys_clk
Waveform(ns):       { 0.000 2.500 }
Period(ns):         5.000
Sources:            { clock }

Check Type        Corner  Lib Pin      Reference Pin  Required(ns)  Actual(ns)  Slack(ns)  Location       Pin
Min Period        n/a     BUFG/I       n/a            2.155         5.000       2.845      BUFGCTRL_X0Y0  clock_IBUF_BUFG_inst/I
Min Period        n/a     DSP48E1/CLK  n/a            2.154         5.000       2.846      DSP48_X4Y20    sA_tempSig_reg/CLK
Min Period        n/a     FDRE/C       n/a            1.000         5.000       4.000      SLICE_X104Y53  outReg_reg[0]/C
Min Period        n/a     FDSE/C       n/a            1.000         5.000       4.000      SLICE_X104Y55  outReg_reg[10]/C
Min Period        n/a     FDSE/C       n/a            1.000         5.000       4.000      SLICE_X103Y55  outReg_reg[11]/C
Min Period        n/a     FDSE/C       n/a            1.000         5.000       4.000      SLICE_X103Y55  outReg_reg[12]/C
Min Period        n/a     FDSE/C       n/a            1.000         5.000       4.000      SLICE_X104Y55  outReg_reg[13]/C
Min Period        n/a     FDSE/C       n/a            1.000         5.000       4.000      SLICE_X104Y55  outReg_reg[14]/C
Min Period        n/a     FDRE/C       n/a            1.000         5.000       4.000      SLICE_X105Y54  outReg_reg[15]/C
Min Period        n/a     FDRE/C       n/a            1.000         5.000       4.000      SLICE_X104Y53  outReg_reg[1]/C
Low Pulse Width   Slow    SRL16E/CLK   n/a            0.980         2.500       1.520      SLICE_X104Y54  sA_sign_reg_srl2/CLK
Low Pulse Width   Fast    SRL16E/CLK   n/a            0.980         2.500       1.520      SLICE_X104Y54  sA_sign_reg_srl2/CLK
Low Pulse Width   Slow    FDRE/C       n/a            0.500         2.500       2.000      SLICE_X104Y53  outReg_reg[0]/C
Low Pulse Width   Fast    FDRE/C       n/a            0.500         2.500       2.000      SLICE_X104Y53  outReg_reg[0]/C
Low Pulse Width   Slow    FDSE/C       n/a            0.500         2.500       2.000      SLICE_X104Y55  outReg_reg[10]/C
Low Pulse Width   Fast    FDSE/C       n/a            0.500         2.500       2.000      SLICE_X104Y55  outReg_reg[10]/C
Low Pulse Width   Slow    FDSE/C       n/a            0.500         2.500       2.000      SLICE_X103Y55  outReg_reg[11]/C
Low Pulse Width   Fast    FDSE/C       n/a            0.500         2.500       2.000      SLICE_X103Y55  outReg_reg[11]/C
Low Pulse Width   Slow    FDSE/C       n/a            0.500         2.500       2.000      SLICE_X103Y55  outReg_reg[12]/C
Low Pulse Width   Fast    FDSE/C       n/a            0.500         2.500       2.000      SLICE_X103Y55  outReg_reg[12]/C
High Pulse Width  Slow    SRL16E/CLK   n/a            0.980         2.500       1.520      SLICE_X104Y54  sA_sign_reg_srl2/CLK
High Pulse Width  Fast    SRL16E/CLK   n/a            0.980         2.500       1.520      SLICE_X104Y54  sA_sign_reg_srl2/CLK
High Pulse Width  Slow    FDRE/C       n/a            0.500         2.500       2.000      SLICE_X104Y53  outReg_reg[0]/C
High Pulse Width  Fast    FDRE/C       n/a            0.500         2.500       2.000      SLICE_X104Y53  outReg_reg[0]/C
High Pulse Width  Slow    FDSE/C       n/a            0.500         2.500       2.000      SLICE_X104Y55  outReg_reg[10]/C
High Pulse Width  Fast    FDSE/C       n/a            0.500         2.500       2.000      SLICE_X104Y55  outReg_reg[10]/C
High Pulse Width  Slow    FDSE/C       n/a            0.500         2.500       2.000      SLICE_X103Y55  outReg_reg[11]/C
High Pulse Width  Fast    FDSE/C       n/a            0.500         2.500       2.000      SLICE_X103Y55  outReg_reg[11]/C
High Pulse Width  Slow    FDSE/C       n/a            0.500         2.500       2.000      SLICE_X103Y55  outReg_reg[12]/C
High Pulse Width  Fast    FDSE/C       n/a            0.500         2.500       2.000      SLICE_X103Y55  outReg_reg[12]/C



--------------------------------------------------------------------------------------
Path Group:  (none)
From Clock:  sys_clk
  To Clock:  

Max Delay            16 Endpoints
Min Delay            16 Endpoints
--------------------------------------------------------------------------------------


Max Delay Paths
--------------------------------------------------------------------------------------
Slack:                    inf
  Source:                 outReg_reg[14]/C
                            (rising edge-triggered cell FDSE clocked by sys_clk  {rise@0.000ns fall@2.500ns period=5.000ns})
  Destination:            io_out[14]
                            (output port)
  Path Group:             (none)
  Path Type:              Max at Slow Process Corner
  Data Path Delay:        6.157ns  (logic 3.375ns (54.809%)  route 2.783ns (45.191%))
  Logic Levels:           1  (OBUF=1)
  Clock Uncertainty:      0.025ns  ((TSJ^2 + TIJ^2)^1/2 + DJ) / 2 + PE
    Total System Jitter     (TSJ):    0.050ns
    Total Input Jitter      (TIJ):    0.000ns
    Discrete Jitter          (DJ):    0.000ns
    Phase Error              (PE):    0.000ns

    Location             Delay type                Incr(ns)  Path(ns)    Netlist Resource(s)
  -------------------------------------------------------------------    -------------------
                         (clock sys_clk rise edge)    0.000     0.000 r  <hidden>
    U7                                                0.000     0.000 r  clock
                         net (fo=0)                   0.000     0.000    clock
    U7                   IBUF (Prop_ibuf_I_O)         1.058     1.058 r  clock_IBUF_inst/O
                         net (fo=1, routed)           2.171     3.229    clock_IBUF
    BUFGCTRL_X0Y0        BUFG (Prop_bufg_I_O)         0.101     3.330 r  clock_IBUF_BUFG_inst/O
                         net (fo=68, routed)          1.788     5.118    clock_IBUF_BUFG
    SLICE_X104Y55        FDSE                                         r  outReg_reg[14]/C
  -------------------------------------------------------------------    -------------------
    SLICE_X104Y55        FDSE (Prop_fdse_C_Q)         0.478     5.596 r  outReg_reg[14]/Q
                         net (fo=1, routed)           2.783     8.379    io_out_OBUF[14]
    V15                  OBUF (Prop_obuf_I_O)         2.897    11.276 r  io_out_OBUF[14]_inst/O
                         net (fo=0)                   0.000    11.276    io_out[14]
    V15                                                               r  io_out[14]
  -------------------------------------------------------------------    -------------------

Slack:                    inf
  Source:                 outReg_reg[15]/C
                            (rising edge-triggered cell FDRE clocked by sys_clk  {rise@0.000ns fall@2.500ns period=5.000ns})
  Destination:            io_out[15]
                            (output port)
  Path Group:             (none)
  Path Type:              Max at Slow Process Corner
  Data Path Delay:        6.078ns  (logic 3.152ns (51.860%)  route 2.926ns (48.140%))
  Logic Levels:           1  (OBUF=1)
  Clock Uncertainty:      0.025ns  ((TSJ^2 + TIJ^2)^1/2 + DJ) / 2 + PE
    Total System Jitter     (TSJ):    0.050ns
    Total Input Jitter      (TIJ):    0.000ns
    Discrete Jitter          (DJ):    0.000ns
    Phase Error              (PE):    0.000ns

    Location             Delay type                Incr(ns)  Path(ns)    Netlist Resource(s)
  -------------------------------------------------------------------    -------------------
                         (clock sys_clk rise edge)    0.000     0.000 r  <hidden>
    U7                                                0.000     0.000 r  clock
                         net (fo=0)                   0.000     0.000    clock
    U7                   IBUF (Prop_ibuf_I_O)         1.058     1.058 r  clock_IBUF_inst/O
                         net (fo=1, routed)           2.171     3.229    clock_IBUF
    BUFGCTRL_X0Y0        BUFG (Prop_bufg_I_O)         0.101     3.330 r  clock_IBUF_BUFG_inst/O
                         net (fo=68, routed)          1.788     5.118    clock_IBUF_BUFG
    SLICE_X105Y54        FDRE                                         r  outReg_reg[15]/C
  -------------------------------------------------------------------    -------------------
    SLICE_X105Y54        FDRE (Prop_fdre_C_Q)         0.456     5.574 r  outReg_reg[15]/Q
                         net (fo=1, routed)           2.926     8.500    io_out_OBUF[15]
    U17                  OBUF (Prop_obuf_I_O)         2.696    11.196 r  io_out_OBUF[15]_inst/O
                         net (fo=0)                   0.000    11.196    io_out[15]
    U17                                                               r  io_out[15]
  -------------------------------------------------------------------    -------------------

Slack:                    inf
  Source:                 outReg_reg[9]/C
                            (rising edge-triggered cell FDSE clocked by sys_clk  {rise@0.000ns fall@2.500ns period=5.000ns})
  Destination:            io_out[9]
                            (output port)
  Path Group:             (none)
  Path Type:              Max at Slow Process Corner
  Data Path Delay:        6.006ns  (logic 3.306ns (55.043%)  route 2.700ns (44.957%))
  Logic Levels:           1  (OBUF=1)
  Clock Uncertainty:      0.025ns  ((TSJ^2 + TIJ^2)^1/2 + DJ) / 2 + PE
    Total System Jitter     (TSJ):    0.050ns
    Total Input Jitter      (TIJ):    0.000ns
    Discrete Jitter          (DJ):    0.000ns
    Phase Error              (PE):    0.000ns

    Location             Delay type                Incr(ns)  Path(ns)    Netlist Resource(s)
  -------------------------------------------------------------------    -------------------
                         (clock sys_clk rise edge)    0.000     0.000 r  <hidden>
    U7                                                0.000     0.000 r  clock
                         net (fo=0)                   0.000     0.000    clock
    U7                   IBUF (Prop_ibuf_I_O)         1.058     1.058 r  clock_IBUF_inst/O
                         net (fo=1, routed)           2.171     3.229    clock_IBUF
    BUFGCTRL_X0Y0        BUFG (Prop_bufg_I_O)         0.101     3.330 r  clock_IBUF_BUFG_inst/O
                         net (fo=68, routed)          1.788     5.118    clock_IBUF_BUFG
    SLICE_X104Y55        FDSE                                         r  outReg_reg[9]/C
  -------------------------------------------------------------------    -------------------
    SLICE_X104Y55        FDSE (Prop_fdse_C_Q)         0.478     5.596 r  outReg_reg[9]/Q
                         net (fo=1, routed)           2.700     8.297    io_out_OBUF[9]
    U19                  OBUF (Prop_obuf_I_O)         2.828    11.125 r  io_out_OBUF[9]_inst/O
                         net (fo=0)                   0.000    11.125    io_out[9]
    U19                                                               r  io_out[9]
  -------------------------------------------------------------------    -------------------

Slack:                    inf
  Source:                 outReg_reg[12]/C
                            (rising edge-triggered cell FDSE clocked by sys_clk  {rise@0.000ns fall@2.500ns period=5.000ns})
  Destination:            io_out[12]
                            (output port)
  Path Group:             (none)
  Path Type:              Max at Slow Process Corner
  Data Path Delay:        5.957ns  (logic 3.331ns (55.919%)  route 2.626ns (44.081%))
  Logic Levels:           1  (OBUF=1)
  Clock Uncertainty:      0.025ns  ((TSJ^2 + TIJ^2)^1/2 + DJ) / 2 + PE
    Total System Jitter     (TSJ):    0.050ns
    Total Input Jitter      (TIJ):    0.000ns
    Discrete Jitter          (DJ):    0.000ns
    Phase Error              (PE):    0.000ns

    Location             Delay type                Incr(ns)  Path(ns)    Netlist Resource(s)
  -------------------------------------------------------------------    -------------------
                         (clock sys_clk rise edge)    0.000     0.000 r  <hidden>
    U7                                                0.000     0.000 r  clock
                         net (fo=0)                   0.000     0.000    clock
    U7                   IBUF (Prop_ibuf_I_O)         1.058     1.058 r  clock_IBUF_inst/O
                         net (fo=1, routed)           2.171     3.229    clock_IBUF
    BUFGCTRL_X0Y0        BUFG (Prop_bufg_I_O)         0.101     3.330 r  clock_IBUF_BUFG_inst/O
                         net (fo=68, routed)          1.788     5.118    clock_IBUF_BUFG
    SLICE_X103Y55        FDSE                                         r  outReg_reg[12]/C
  -------------------------------------------------------------------    -------------------
    SLICE_X103Y55        FDSE (Prop_fdse_C_Q)         0.419     5.537 r  outReg_reg[12]/Q
                         net (fo=1, routed)           2.626     8.164    io_out_OBUF[12]
    U14                  OBUF (Prop_obuf_I_O)         2.912    11.076 r  io_out_OBUF[12]_inst/O
                         net (fo=0)                   0.000    11.076    io_out[12]
    U14                                                               r  io_out[12]
  -------------------------------------------------------------------    -------------------

Slack:                    inf
  Source:                 outReg_reg[11]/C
                            (rising edge-triggered cell FDSE clocked by sys_clk  {rise@0.000ns fall@2.500ns period=5.000ns})
  Destination:            io_out[11]
                            (output port)
  Path Group:             (none)
  Path Type:              Max at Slow Process Corner
  Data Path Delay:        5.919ns  (logic 3.189ns (53.872%)  route 2.730ns (46.128%))
  Logic Levels:           1  (OBUF=1)
  Clock Uncertainty:      0.025ns  ((TSJ^2 + TIJ^2)^1/2 + DJ) / 2 + PE
    Total System Jitter     (TSJ):    0.050ns
    Total Input Jitter      (TIJ):    0.000ns
    Discrete Jitter          (DJ):    0.000ns
    Phase Error              (PE):    0.000ns

    Location             Delay type                Incr(ns)  Path(ns)    Netlist Resource(s)
  -------------------------------------------------------------------    -------------------
                         (clock sys_clk rise edge)    0.000     0.000 r  <hidden>
    U7                                                0.000     0.000 r  clock
                         net (fo=0)                   0.000     0.000    clock
    U7                   IBUF (Prop_ibuf_I_O)         1.058     1.058 r  clock_IBUF_inst/O
                         net (fo=1, routed)           2.171     3.229    clock_IBUF
    BUFGCTRL_X0Y0        BUFG (Prop_bufg_I_O)         0.101     3.330 r  clock_IBUF_BUFG_inst/O
                         net (fo=68, routed)          1.788     5.118    clock_IBUF_BUFG
    SLICE_X103Y55        FDSE                                         r  outReg_reg[11]/C
  -------------------------------------------------------------------    -------------------
    SLICE_X103Y55        FDSE (Prop_fdse_C_Q)         0.456     5.574 r  outReg_reg[11]/Q
                         net (fo=1, routed)           2.730     8.305    io_out_OBUF[11]
    U15                  OBUF (Prop_obuf_I_O)         2.733    11.037 r  io_out_OBUF[11]_inst/O
                         net (fo=0)                   0.000    11.037    io_out[11]
    U15                                                               r  io_out[11]
  -------------------------------------------------------------------    -------------------

Slack:                    inf
  Source:                 outReg_reg[10]/C
                            (rising edge-triggered cell FDSE clocked by sys_clk  {rise@0.000ns fall@2.500ns period=5.000ns})
  Destination:            io_out[10]
                            (output port)
  Path Group:             (none)
  Path Type:              Max at Slow Process Corner
  Data Path Delay:        5.877ns  (logic 3.164ns (53.843%)  route 2.712ns (46.157%))
  Logic Levels:           1  (OBUF=1)
  Clock Uncertainty:      0.025ns  ((TSJ^2 + TIJ^2)^1/2 + DJ) / 2 + PE
    Total System Jitter     (TSJ):    0.050ns
    Total Input Jitter      (TIJ):    0.000ns
    Discrete Jitter          (DJ):    0.000ns
    Phase Error              (PE):    0.000ns

    Location             Delay type                Incr(ns)  Path(ns)    Netlist Resource(s)
  -------------------------------------------------------------------    -------------------
                         (clock sys_clk rise edge)    0.000     0.000 r  <hidden>
    U7                                                0.000     0.000 r  clock
                         net (fo=0)                   0.000     0.000    clock
    U7                   IBUF (Prop_ibuf_I_O)         1.058     1.058 r  clock_IBUF_inst/O
                         net (fo=1, routed)           2.171     3.229    clock_IBUF
    BUFGCTRL_X0Y0        BUFG (Prop_bufg_I_O)         0.101     3.330 r  clock_IBUF_BUFG_inst/O
                         net (fo=68, routed)          1.788     5.118    clock_IBUF_BUFG
    SLICE_X104Y55        FDSE                                         r  outReg_reg[10]/C
  -------------------------------------------------------------------    -------------------
    SLICE_X104Y55        FDSE (Prop_fdse_C_Q)         0.518     5.636 r  outReg_reg[10]/Q
                         net (fo=1, routed)           2.712     8.349    io_out_OBUF[10]
    U18                  OBUF (Prop_obuf_I_O)         2.646    10.995 r  io_out_OBUF[10]_inst/O
                         net (fo=0)                   0.000    10.995    io_out[10]
    U18                                                               r  io_out[10]
  -------------------------------------------------------------------    -------------------

Slack:                    inf
  Source:                 outReg_reg[13]/C
                            (rising edge-triggered cell FDSE clocked by sys_clk  {rise@0.000ns fall@2.500ns period=5.000ns})
  Destination:            io_out[13]
                            (output port)
  Path Group:             (none)
  Path Type:              Max at Slow Process Corner
  Data Path Delay:        5.876ns  (logic 3.245ns (55.216%)  route 2.632ns (44.784%))
  Logic Levels:           1  (OBUF=1)
  Clock Uncertainty:      0.025ns  ((TSJ^2 + TIJ^2)^1/2 + DJ) / 2 + PE
    Total System Jitter     (TSJ):    0.050ns
    Total Input Jitter      (TIJ):    0.000ns
    Discrete Jitter          (DJ):    0.000ns
    Phase Error              (PE):    0.000ns

    Location             Delay type                Incr(ns)  Path(ns)    Netlist Resource(s)
  -------------------------------------------------------------------    -------------------
                         (clock sys_clk rise edge)    0.000     0.000 r  <hidden>
    U7                                                0.000     0.000 r  clock
                         net (fo=0)                   0.000     0.000    clock
    U7                   IBUF (Prop_ibuf_I_O)         1.058     1.058 r  clock_IBUF_inst/O
                         net (fo=1, routed)           2.171     3.229    clock_IBUF
    BUFGCTRL_X0Y0        BUFG (Prop_bufg_I_O)         0.101     3.330 r  clock_IBUF_BUFG_inst/O
                         net (fo=68, routed)          1.788     5.118    clock_IBUF_BUFG
    SLICE_X104Y55        FDSE                                         r  outReg_reg[13]/C
  -------------------------------------------------------------------    -------------------
    SLICE_X104Y55        FDSE (Prop_fdse_C_Q)         0.518     5.636 r  outReg_reg[13]/Q
                         net (fo=1, routed)           2.632     8.268    io_out_OBUF[13]
    W15                  OBUF (Prop_obuf_I_O)         2.727    10.995 r  io_out_OBUF[13]_inst/O
                         net (fo=0)                   0.000    10.995    io_out[13]
    W15                                                               r  io_out[13]
  -------------------------------------------------------------------    -------------------

Slack:                    inf
  Source:                 outReg_reg[2]/C
                            (rising edge-triggered cell FDRE clocked by sys_clk  {rise@0.000ns fall@2.500ns period=5.000ns})
  Destination:            io_out[2]
                            (output port)
  Path Group:             (none)
  Path Type:              Max at Slow Process Corner
  Data Path Delay:        5.806ns  (logic 3.319ns (57.173%)  route 2.486ns (42.827%))
  Logic Levels:           1  (OBUF=1)
  Clock Uncertainty:      0.025ns  ((TSJ^2 + TIJ^2)^1/2 + DJ) / 2 + PE
    Total System Jitter     (TSJ):    0.050ns
    Total Input Jitter      (TIJ):    0.000ns
    Discrete Jitter          (DJ):    0.000ns
    Phase Error              (PE):    0.000ns

    Location             Delay type                Incr(ns)  Path(ns)    Netlist Resource(s)
  -------------------------------------------------------------------    -------------------
                         (clock sys_clk rise edge)    0.000     0.000 r  <hidden>
    U7                                                0.000     0.000 r  clock
                         net (fo=0)                   0.000     0.000    clock
    U7                   IBUF (Prop_ibuf_I_O)         1.058     1.058 r  clock_IBUF_inst/O
                         net (fo=1, routed)           2.171     3.229    clock_IBUF
    BUFGCTRL_X0Y0        BUFG (Prop_bufg_I_O)         0.101     3.330 r  clock_IBUF_BUFG_inst/O
                         net (fo=68, routed)          1.788     5.118    clock_IBUF_BUFG
    SLICE_X104Y53        FDRE                                         r  outReg_reg[2]/C
  -------------------------------------------------------------------    -------------------
    SLICE_X104Y53        FDRE (Prop_fdre_C_Q)         0.478     5.596 r  outReg_reg[2]/Q
                         net (fo=1, routed)           2.486     8.083    io_out_OBUF[2]
    V20                  OBUF (Prop_obuf_I_O)         2.841    10.924 r  io_out_OBUF[2]_inst/O
                         net (fo=0)                   0.000    10.924    io_out[2]
    V20                                                               r  io_out[2]
  -------------------------------------------------------------------    -------------------

Slack:                    inf
  Source:                 outReg_reg[6]/C
                            (rising edge-triggered cell FDSE clocked by sys_clk  {rise@0.000ns fall@2.500ns period=5.000ns})
  Destination:            io_out[6]
                            (output port)
  Path Group:             (none)
  Path Type:              Max at Slow Process Corner
  Data Path Delay:        5.726ns  (logic 3.058ns (53.413%)  route 2.668ns (46.587%))
  Logic Levels:           1  (OBUF=1)
  Clock Uncertainty:      0.025ns  ((TSJ^2 + TIJ^2)^1/2 + DJ) / 2 + PE
    Total System Jitter     (TSJ):    0.050ns
    Total Input Jitter      (TIJ):    0.000ns
    Discrete Jitter          (DJ):    0.000ns
    Phase Error              (PE):    0.000ns

    Location             Delay type                Incr(ns)  Path(ns)    Netlist Resource(s)
  -------------------------------------------------------------------    -------------------
                         (clock sys_clk rise edge)    0.000     0.000 r  <hidden>
    U7                                                0.000     0.000 r  clock
                         net (fo=0)                   0.000     0.000    clock
    U7                   IBUF (Prop_ibuf_I_O)         1.058     1.058 r  clock_IBUF_inst/O
                         net (fo=1, routed)           2.171     3.229    clock_IBUF
    BUFGCTRL_X0Y0        BUFG (Prop_bufg_I_O)         0.101     3.330 r  clock_IBUF_BUFG_inst/O
                         net (fo=68, routed)          1.789     5.119    clock_IBUF_BUFG
    SLICE_X105Y52        FDSE                                         r  outReg_reg[6]/C
  -------------------------------------------------------------------    -------------------
    SLICE_X105Y52        FDSE (Prop_fdse_C_Q)         0.456     5.575 r  outReg_reg[6]/Q
                         net (fo=1, routed)           2.668     8.243    io_out_OBUF[6]
    N20                  OBUF (Prop_obuf_I_O)         2.602    10.845 r  io_out_OBUF[6]_inst/O
                         net (fo=0)                   0.000    10.845    io_out[6]
    N20                                                               r  io_out[6]
  -------------------------------------------------------------------    -------------------

Slack:                    inf
  Source:                 outReg_reg[7]/C
                            (rising edge-triggered cell FDSE clocked by sys_clk  {rise@0.000ns fall@2.500ns period=5.000ns})
  Destination:            io_out[7]
                            (output port)
  Path Group:             (none)
  Path Type:              Max at Slow Process Corner
  Data Path Delay:        5.660ns  (logic 3.142ns (55.516%)  route 2.518ns (44.484%))
  Logic Levels:           1  (OBUF=1)
  Clock Uncertainty:      0.025ns  ((TSJ^2 + TIJ^2)^1/2 + DJ) / 2 + PE
    Total System Jitter     (TSJ):    0.050ns
    Total Input Jitter      (TIJ):    0.000ns
    Discrete Jitter          (DJ):    0.000ns
    Phase Error              (PE):    0.000ns

    Location             Delay type                Incr(ns)  Path(ns)    Netlist Resource(s)
  -------------------------------------------------------------------    -------------------
                         (clock sys_clk rise edge)    0.000     0.000 r  <hidden>
    U7                                                0.000     0.000 r  clock
                         net (fo=0)                   0.000     0.000    clock
    U7                   IBUF (Prop_ibuf_I_O)         1.058     1.058 r  clock_IBUF_inst/O
                         net (fo=1, routed)           2.171     3.229    clock_IBUF
    BUFGCTRL_X0Y0        BUFG (Prop_bufg_I_O)         0.101     3.330 r  clock_IBUF_BUFG_inst/O
                         net (fo=68, routed)          1.788     5.118    clock_IBUF_BUFG
    SLICE_X104Y56        FDSE                                         r  outReg_reg[7]/C
  -------------------------------------------------------------------    -------------------
    SLICE_X104Y56        FDSE (Prop_fdse_C_Q)         0.518     5.636 r  outReg_reg[7]/Q
                         net (fo=1, routed)           2.518     8.154    io_out_OBUF[7]
    P19                  OBUF (Prop_obuf_I_O)         2.624    10.778 r  io_out_OBUF[7]_inst/O
                         net (fo=0)                   0.000    10.778    io_out[7]
    P19                                                               r  io_out[7]
  -------------------------------------------------------------------    -------------------





Min Delay Paths
--------------------------------------------------------------------------------------
Slack:                    inf
  Source:                 outReg_reg[8]/C
                            (rising edge-triggered cell FDSE clocked by sys_clk  {rise@0.000ns fall@2.500ns period=5.000ns})
  Destination:            io_out[8]
                            (output port)
  Path Group:             (none)
  Path Type:              Min at Fast Process Corner
  Data Path Delay:        1.975ns  (logic 1.290ns (65.334%)  route 0.685ns (34.666%))
  Logic Levels:           1  (OBUF=1)
  Clock Uncertainty:      0.025ns  ((TSJ^2 + TIJ^2)^1/2 + DJ) / 2 + PE
    Total System Jitter     (TSJ):    0.050ns
    Total Input Jitter      (TIJ):    0.000ns
    Discrete Jitter          (DJ):    0.000ns
    Phase Error              (PE):    0.000ns

    Location             Delay type                Incr(ns)  Path(ns)    Netlist Resource(s)
  -------------------------------------------------------------------    -------------------
                         (clock sys_clk rise edge)    0.000     0.000 r  <hidden>
    U7                                                0.000     0.000 r  clock
                         net (fo=0)                   0.000     0.000    clock
    U7                   IBUF (Prop_ibuf_I_O)         0.286     0.286 r  clock_IBUF_inst/O
                         net (fo=1, routed)           0.663     0.949    clock_IBUF
    BUFGCTRL_X0Y0        BUFG (Prop_bufg_I_O)         0.026     0.975 r  clock_IBUF_BUFG_inst/O
                         net (fo=68, routed)          0.610     1.585    clock_IBUF_BUFG
    SLICE_X104Y55        FDSE                                         r  outReg_reg[8]/C
  -------------------------------------------------------------------    -------------------
    SLICE_X104Y55        FDSE (Prop_fdse_C_Q)         0.164     1.749 r  outReg_reg[8]/Q
                         net (fo=1, routed)           0.685     2.434    io_out_OBUF[8]
    N18                  OBUF (Prop_obuf_I_O)         1.126     3.560 r  io_out_OBUF[8]_inst/O
                         net (fo=0)                   0.000     3.560    io_out[8]
    N18                                                               r  io_out[8]
  -------------------------------------------------------------------    -------------------

Slack:                    inf
  Source:                 outReg_reg[5]/C
                            (rising edge-triggered cell FDRE clocked by sys_clk  {rise@0.000ns fall@2.500ns period=5.000ns})
  Destination:            io_out[5]
                            (output port)
  Path Group:             (none)
  Path Type:              Min at Fast Process Corner
  Data Path Delay:        1.976ns  (logic 1.269ns (64.207%)  route 0.707ns (35.793%))
  Logic Levels:           1  (OBUF=1)
  Clock Uncertainty:      0.025ns  ((TSJ^2 + TIJ^2)^1/2 + DJ) / 2 + PE
    Total System Jitter     (TSJ):    0.050ns
    Total Input Jitter      (TIJ):    0.000ns
    Discrete Jitter          (DJ):    0.000ns
    Phase Error              (PE):    0.000ns

    Location             Delay type                Incr(ns)  Path(ns)    Netlist Resource(s)
  -------------------------------------------------------------------    -------------------
                         (clock sys_clk rise edge)    0.000     0.000 r  <hidden>
    U7                                                0.000     0.000 r  clock
                         net (fo=0)                   0.000     0.000    clock
    U7                   IBUF (Prop_ibuf_I_O)         0.286     0.286 r  clock_IBUF_inst/O
                         net (fo=1, routed)           0.663     0.949    clock_IBUF
    BUFGCTRL_X0Y0        BUFG (Prop_bufg_I_O)         0.026     0.975 r  clock_IBUF_BUFG_inst/O
                         net (fo=68, routed)          0.610     1.585    clock_IBUF_BUFG
    SLICE_X105Y53        FDRE                                         r  outReg_reg[5]/C
  -------------------------------------------------------------------    -------------------
    SLICE_X105Y53        FDRE (Prop_fdre_C_Q)         0.141     1.726 r  outReg_reg[5]/Q
                         net (fo=1, routed)           0.707     2.433    io_out_OBUF[5]
    P20                  OBUF (Prop_obuf_I_O)         1.128     3.561 r  io_out_OBUF[5]_inst/O
                         net (fo=0)                   0.000     3.561    io_out[5]
    P20                                                               r  io_out[5]
  -------------------------------------------------------------------    -------------------

Slack:                    inf
  Source:                 outReg_reg[4]/C
                            (rising edge-triggered cell FDRE clocked by sys_clk  {rise@0.000ns fall@2.500ns period=5.000ns})
  Destination:            io_out[4]
                            (output port)
  Path Group:             (none)
  Path Type:              Min at Fast Process Corner
  Data Path Delay:        1.994ns  (logic 1.330ns (66.706%)  route 0.664ns (33.294%))
  Logic Levels:           1  (OBUF=1)
  Clock Uncertainty:      0.025ns  ((TSJ^2 + TIJ^2)^1/2 + DJ) / 2 + PE
    Total System Jitter     (TSJ):    0.050ns
    Total Input Jitter      (TIJ):    0.000ns
    Discrete Jitter          (DJ):    0.000ns
    Phase Error              (PE):    0.000ns

    Location             Delay type                Incr(ns)  Path(ns)    Netlist Resource(s)
  -------------------------------------------------------------------    -------------------
                         (clock sys_clk rise edge)    0.000     0.000 r  <hidden>
    U7                                                0.000     0.000 r  clock
                         net (fo=0)                   0.000     0.000    clock
    U7                   IBUF (Prop_ibuf_I_O)         0.286     0.286 r  clock_IBUF_inst/O
                         net (fo=1, routed)           0.663     0.949    clock_IBUF
    BUFGCTRL_X0Y0        BUFG (Prop_bufg_I_O)         0.026     0.975 r  clock_IBUF_BUFG_inst/O
                         net (fo=68, routed)          0.610     1.585    clock_IBUF_BUFG
    SLICE_X105Y53        FDRE                                         r  outReg_reg[4]/C
  -------------------------------------------------------------------    -------------------
    SLICE_X105Y53        FDRE (Prop_fdre_C_Q)         0.128     1.713 r  outReg_reg[4]/Q
                         net (fo=1, routed)           0.664     2.377    io_out_OBUF[4]
    T20                  OBUF (Prop_obuf_I_O)         1.202     3.579 r  io_out_OBUF[4]_inst/O
                         net (fo=0)                   0.000     3.579    io_out[4]
    T20                                                               r  io_out[4]
  -------------------------------------------------------------------    -------------------

Slack:                    inf
  Source:                 outReg_reg[3]/C
                            (rising edge-triggered cell FDRE clocked by sys_clk  {rise@0.000ns fall@2.500ns period=5.000ns})
  Destination:            io_out[3]
                            (output port)
  Path Group:             (none)
  Path Type:              Min at Fast Process Corner
  Data Path Delay:        2.006ns  (logic 1.332ns (66.401%)  route 0.674ns (33.599%))
  Logic Levels:           1  (OBUF=1)
  Clock Uncertainty:      0.025ns  ((TSJ^2 + TIJ^2)^1/2 + DJ) / 2 + PE
    Total System Jitter     (TSJ):    0.050ns
    Total Input Jitter      (TIJ):    0.000ns
    Discrete Jitter          (DJ):    0.000ns
    Phase Error              (PE):    0.000ns

    Location             Delay type                Incr(ns)  Path(ns)    Netlist Resource(s)
  -------------------------------------------------------------------    -------------------
                         (clock sys_clk rise edge)    0.000     0.000 r  <hidden>
    U7                                                0.000     0.000 r  clock
                         net (fo=0)                   0.000     0.000    clock
    U7                   IBUF (Prop_ibuf_I_O)         0.286     0.286 r  clock_IBUF_inst/O
                         net (fo=1, routed)           0.663     0.949    clock_IBUF
    BUFGCTRL_X0Y0        BUFG (Prop_bufg_I_O)         0.026     0.975 r  clock_IBUF_BUFG_inst/O
                         net (fo=68, routed)          0.610     1.585    clock_IBUF_BUFG
    SLICE_X105Y53        FDRE                                         r  outReg_reg[3]/C
  -------------------------------------------------------------------    -------------------
    SLICE_X105Y53        FDRE (Prop_fdre_C_Q)         0.128     1.713 r  outReg_reg[3]/Q
                         net (fo=1, routed)           0.674     2.387    io_out_OBUF[3]
    U20                  OBUF (Prop_obuf_I_O)         1.204     3.591 r  io_out_OBUF[3]_inst/O
                         net (fo=0)                   0.000     3.591    io_out[3]
    U20                                                               r  io_out[3]
  -------------------------------------------------------------------    -------------------

Slack:                    inf
  Source:                 outReg_reg[0]/C
                            (rising edge-triggered cell FDRE clocked by sys_clk  {rise@0.000ns fall@2.500ns period=5.000ns})
  Destination:            io_out[0]
                            (output port)
  Path Group:             (none)
  Path Type:              Min at Fast Process Corner
  Data Path Delay:        2.015ns  (logic 1.353ns (67.127%)  route 0.663ns (32.873%))
  Logic Levels:           1  (OBUF=1)
  Clock Uncertainty:      0.025ns  ((TSJ^2 + TIJ^2)^1/2 + DJ) / 2 + PE
    Total System Jitter     (TSJ):    0.050ns
    Total Input Jitter      (TIJ):    0.000ns
    Discrete Jitter          (DJ):    0.000ns
    Phase Error              (PE):    0.000ns

    Location             Delay type                Incr(ns)  Path(ns)    Netlist Resource(s)
  -------------------------------------------------------------------    -------------------
                         (clock sys_clk rise edge)    0.000     0.000 r  <hidden>
    U7                                                0.000     0.000 r  clock
                         net (fo=0)                   0.000     0.000    clock
    U7                   IBUF (Prop_ibuf_I_O)         0.286     0.286 r  clock_IBUF_inst/O
                         net (fo=1, routed)           0.663     0.949    clock_IBUF
    BUFGCTRL_X0Y0        BUFG (Prop_bufg_I_O)         0.026     0.975 r  clock_IBUF_BUFG_inst/O
                         net (fo=68, routed)          0.610     1.585    clock_IBUF_BUFG
    SLICE_X104Y53        FDRE                                         r  outReg_reg[0]/C
  -------------------------------------------------------------------    -------------------
    SLICE_X104Y53        FDRE (Prop_fdre_C_Q)         0.164     1.749 r  outReg_reg[0]/Q
                         net (fo=1, routed)           0.663     2.412    io_out_OBUF[0]
    Y18                  OBUF (Prop_obuf_I_O)         1.189     3.601 r  io_out_OBUF[0]_inst/O
                         net (fo=0)                   0.000     3.601    io_out[0]
    Y18                                                               r  io_out[0]
  -------------------------------------------------------------------    -------------------

Slack:                    inf
  Source:                 outReg_reg[1]/C
                            (rising edge-triggered cell FDRE clocked by sys_clk  {rise@0.000ns fall@2.500ns period=5.000ns})
  Destination:            io_out[1]
                            (output port)
  Path Group:             (none)
  Path Type:              Min at Fast Process Corner
  Data Path Delay:        2.029ns  (logic 1.357ns (66.871%)  route 0.672ns (33.129%))
  Logic Levels:           1  (OBUF=1)
  Clock Uncertainty:      0.025ns  ((TSJ^2 + TIJ^2)^1/2 + DJ) / 2 + PE
    Total System Jitter     (TSJ):    0.050ns
    Total Input Jitter      (TIJ):    0.000ns
    Discrete Jitter          (DJ):    0.000ns
    Phase Error              (PE):    0.000ns

    Location             Delay type                Incr(ns)  Path(ns)    Netlist Resource(s)
  -------------------------------------------------------------------    -------------------
                         (clock sys_clk rise edge)    0.000     0.000 r  <hidden>
    U7                                                0.000     0.000 r  clock
                         net (fo=0)                   0.000     0.000    clock
    U7                   IBUF (Prop_ibuf_I_O)         0.286     0.286 r  clock_IBUF_inst/O
                         net (fo=1, routed)           0.663     0.949    clock_IBUF
    BUFGCTRL_X0Y0        BUFG (Prop_bufg_I_O)         0.026     0.975 r  clock_IBUF_BUFG_inst/O
                         net (fo=68, routed)          0.610     1.585    clock_IBUF_BUFG
    SLICE_X104Y53        FDRE                                         r  outReg_reg[1]/C
  -------------------------------------------------------------------    -------------------
    SLICE_X104Y53        FDRE (Prop_fdre_C_Q)         0.164     1.749 r  outReg_reg[1]/Q
                         net (fo=1, routed)           0.672     2.421    io_out_OBUF[1]
    W20                  OBUF (Prop_obuf_I_O)         1.193     3.614 r  io_out_OBUF[1]_inst/O
                         net (fo=0)                   0.000     3.614    io_out[1]
    W20                                                               r  io_out[1]
  -------------------------------------------------------------------    -------------------

Slack:                    inf
  Source:                 outReg_reg[7]/C
                            (rising edge-triggered cell FDSE clocked by sys_clk  {rise@0.000ns fall@2.500ns period=5.000ns})
  Destination:            io_out[7]
                            (output port)
  Path Group:             (none)
  Path Type:              Min at Fast Process Corner
  Data Path Delay:        2.044ns  (logic 1.305ns (63.855%)  route 0.739ns (36.145%))
  Logic Levels:           1  (OBUF=1)
  Clock Uncertainty:      0.025ns  ((TSJ^2 + TIJ^2)^1/2 + DJ) / 2 + PE
    Total System Jitter     (TSJ):    0.050ns
    Total Input Jitter      (TIJ):    0.000ns
    Discrete Jitter          (DJ):    0.000ns
    Phase Error              (PE):    0.000ns

    Location             Delay type                Incr(ns)  Path(ns)    Netlist Resource(s)
  -------------------------------------------------------------------    -------------------
                         (clock sys_clk rise edge)    0.000     0.000 r  <hidden>
    U7                                                0.000     0.000 r  clock
                         net (fo=0)                   0.000     0.000    clock
    U7                   IBUF (Prop_ibuf_I_O)         0.286     0.286 r  clock_IBUF_inst/O
                         net (fo=1, routed)           0.663     0.949    clock_IBUF
    BUFGCTRL_X0Y0        BUFG (Prop_bufg_I_O)         0.026     0.975 r  clock_IBUF_BUFG_inst/O
                         net (fo=68, routed)          0.610     1.585    clock_IBUF_BUFG
    SLICE_X104Y56        FDSE                                         r  outReg_reg[7]/C
  -------------------------------------------------------------------    -------------------
    SLICE_X104Y56        FDSE (Prop_fdse_C_Q)         0.164     1.749 r  outReg_reg[7]/Q
                         net (fo=1, routed)           0.739     2.488    io_out_OBUF[7]
    P19                  OBUF (Prop_obuf_I_O)         1.141     3.629 r  io_out_OBUF[7]_inst/O
                         net (fo=0)                   0.000     3.629    io_out[7]
    P19                                                               r  io_out[7]
  -------------------------------------------------------------------    -------------------

Slack:                    inf
  Source:                 outReg_reg[6]/C
                            (rising edge-triggered cell FDSE clocked by sys_clk  {rise@0.000ns fall@2.500ns period=5.000ns})
  Destination:            io_out[6]
                            (output port)
  Path Group:             (none)
  Path Type:              Min at Fast Process Corner
  Data Path Delay:        2.053ns  (logic 1.260ns (61.395%)  route 0.793ns (38.605%))
  Logic Levels:           1  (OBUF=1)
  Clock Uncertainty:      0.025ns  ((TSJ^2 + TIJ^2)^1/2 + DJ) / 2 + PE
    Total System Jitter     (TSJ):    0.050ns
    Total Input Jitter      (TIJ):    0.000ns
    Discrete Jitter          (DJ):    0.000ns
    Phase Error              (PE):    0.000ns

    Location             Delay type                Incr(ns)  Path(ns)    Netlist Resource(s)
  -------------------------------------------------------------------    -------------------
                         (clock sys_clk rise edge)    0.000     0.000 r  <hidden>
    U7                                                0.000     0.000 r  clock
                         net (fo=0)                   0.000     0.000    clock
    U7                   IBUF (Prop_ibuf_I_O)         0.286     0.286 r  clock_IBUF_inst/O
                         net (fo=1, routed)           0.663     0.949    clock_IBUF
    BUFGCTRL_X0Y0        BUFG (Prop_bufg_I_O)         0.026     0.975 r  clock_IBUF_BUFG_inst/O
                         net (fo=68, routed)          0.611     1.586    clock_IBUF_BUFG
    SLICE_X105Y52        FDSE                                         r  outReg_reg[6]/C
  -------------------------------------------------------------------    -------------------
    SLICE_X105Y52        FDSE (Prop_fdse_C_Q)         0.141     1.727 r  outReg_reg[6]/Q
                         net (fo=1, routed)           0.793     2.520    io_out_OBUF[6]
    N20                  OBUF (Prop_obuf_I_O)         1.119     3.639 r  io_out_OBUF[6]_inst/O
                         net (fo=0)                   0.000     3.639    io_out[6]
    N20                                                               r  io_out[6]
  -------------------------------------------------------------------    -------------------

Slack:                    inf
  Source:                 outReg_reg[2]/C
                            (rising edge-triggered cell FDRE clocked by sys_clk  {rise@0.000ns fall@2.500ns period=5.000ns})
  Destination:            io_out[2]
                            (output port)
  Path Group:             (none)
  Path Type:              Min at Fast Process Corner
  Data Path Delay:        2.098ns  (logic 1.388ns (66.142%)  route 0.710ns (33.858%))
  Logic Levels:           1  (OBUF=1)
  Clock Uncertainty:      0.025ns  ((TSJ^2 + TIJ^2)^1/2 + DJ) / 2 + PE
    Total System Jitter     (TSJ):    0.050ns
    Total Input Jitter      (TIJ):    0.000ns
    Discrete Jitter          (DJ):    0.000ns
    Phase Error              (PE):    0.000ns

    Location             Delay type                Incr(ns)  Path(ns)    Netlist Resource(s)
  -------------------------------------------------------------------    -------------------
                         (clock sys_clk rise edge)    0.000     0.000 r  <hidden>
    U7                                                0.000     0.000 r  clock
                         net (fo=0)                   0.000     0.000    clock
    U7                   IBUF (Prop_ibuf_I_O)         0.286     0.286 r  clock_IBUF_inst/O
                         net (fo=1, routed)           0.663     0.949    clock_IBUF
    BUFGCTRL_X0Y0        BUFG (Prop_bufg_I_O)         0.026     0.975 r  clock_IBUF_BUFG_inst/O
                         net (fo=68, routed)          0.610     1.585    clock_IBUF_BUFG
    SLICE_X104Y53        FDRE                                         r  outReg_reg[2]/C
  -------------------------------------------------------------------    -------------------
    SLICE_X104Y53        FDRE (Prop_fdre_C_Q)         0.148     1.733 r  outReg_reg[2]/Q
                         net (fo=1, routed)           0.710     2.444    io_out_OBUF[2]
    V20                  OBUF (Prop_obuf_I_O)         1.240     3.683 r  io_out_OBUF[2]_inst/O
                         net (fo=0)                   0.000     3.683    io_out[2]
    V20                                                               r  io_out[2]
  -------------------------------------------------------------------    -------------------

Slack:                    inf
  Source:                 outReg_reg[10]/C
                            (rising edge-triggered cell FDSE clocked by sys_clk  {rise@0.000ns fall@2.500ns period=5.000ns})
  Destination:            io_out[10]
                            (output port)
  Path Group:             (none)
  Path Type:              Min at Fast Process Corner
  Data Path Delay:        2.147ns  (logic 1.327ns (61.791%)  route 0.820ns (38.209%))
  Logic Levels:           1  (OBUF=1)
  Clock Uncertainty:      0.025ns  ((TSJ^2 + TIJ^2)^1/2 + DJ) / 2 + PE
    Total System Jitter     (TSJ):    0.050ns
    Total Input Jitter      (TIJ):    0.000ns
    Discrete Jitter          (DJ):    0.000ns
    Phase Error              (PE):    0.000ns

    Location             Delay type                Incr(ns)  Path(ns)    Netlist Resource(s)
  -------------------------------------------------------------------    -------------------
                         (clock sys_clk rise edge)    0.000     0.000 r  <hidden>
    U7                                                0.000     0.000 r  clock
                         net (fo=0)                   0.000     0.000    clock
    U7                   IBUF (Prop_ibuf_I_O)         0.286     0.286 r  clock_IBUF_inst/O
                         net (fo=1, routed)           0.663     0.949    clock_IBUF
    BUFGCTRL_X0Y0        BUFG (Prop_bufg_I_O)         0.026     0.975 r  clock_IBUF_BUFG_inst/O
                         net (fo=68, routed)          0.610     1.585    clock_IBUF_BUFG
    SLICE_X104Y55        FDSE                                         r  outReg_reg[10]/C
  -------------------------------------------------------------------    -------------------
    SLICE_X104Y55        FDSE (Prop_fdse_C_Q)         0.164     1.749 r  outReg_reg[10]/Q
                         net (fo=1, routed)           0.820     2.570    io_out_OBUF[10]
    U18                  OBUF (Prop_obuf_I_O)         1.163     3.732 r  io_out_OBUF[10]_inst/O
                         net (fo=0)                   0.000     3.732    io_out[10]
    U18                                                               r  io_out[10]
  -------------------------------------------------------------------    -------------------





--------------------------------------------------------------------------------------
Path Group:  (none)
From Clock:  
  To Clock:  sys_clk

Max Delay            28 Endpoints
Min Delay            28 Endpoints
--------------------------------------------------------------------------------------


Max Delay Paths
--------------------------------------------------------------------------------------
Slack:                    inf
  Source:                 io_a[9]
                            (input port)
  Destination:            sA_zeroInput_r_reg/D
                            (rising edge-triggered cell FDRE clocked by sys_clk  {rise@0.000ns fall@2.500ns period=5.000ns})
  Path Group:             (none)
  Path Type:              Setup (Max at Slow Process Corner)
  Data Path Delay:        8.352ns  (logic 1.497ns (17.921%)  route 6.856ns (82.079%))
  Logic Levels:           3  (IBUF=1 LUT4=1 LUT6=1)
  Clock Path Skew:        4.599ns (DCD - SCD + CPR)
    Destination Clock Delay (DCD):    4.599ns
    Source Clock Delay      (SCD):    0.000ns
    Clock Pessimism Removal (CPR):    0.000ns
  Clock Uncertainty:      0.025ns  ((TSJ^2 + TIJ^2)^1/2 + DJ) / 2 + PE
    Total System Jitter     (TSJ):    0.050ns
    Total Input Jitter      (TIJ):    0.000ns
    Discrete Jitter          (DJ):    0.000ns
    Phase Error              (PE):    0.000ns

    Location             Delay type                Incr(ns)  Path(ns)    Netlist Resource(s)
  -------------------------------------------------------------------    -------------------
    W11                                               0.000     0.000 f  io_a[9]
                         net (fo=0)                   0.000     0.000    io_a[9]
    W11                  IBUF (Prop_ibuf_I_O)         1.015     1.015 f  io_a_IBUF[9]_inst/O
                         net (fo=5, routed)           6.000     7.015    io_a_IBUF[9]
    SLICE_X103Y51        LUT4 (Prop_lut4_I0_O)        0.150     7.165 f  sA_zeroInput_r_i_2/O
                         net (fo=1, routed)           0.855     8.020    sA_zeroInput_r_i_2_n_0
    SLICE_X103Y56        LUT6 (Prop_lut6_I0_O)        0.332     8.352 r  sA_zeroInput_r_i_1/O
                         net (fo=1, routed)           0.000     8.352    sA_zeroInput_r0
    SLICE_X103Y56        FDRE                                         r  sA_zeroInput_r_reg/D
  -------------------------------------------------------------------    -------------------

                         (clock sys_clk rise edge)    0.000     0.000 r  <hidden>
    U7                                                0.000     0.000 r  clock
                         net (fo=0)                   0.000     0.000    clock
    U7                   IBUF (Prop_ibuf_I_O)         0.924     0.924 r  clock_IBUF_inst/O
                         net (fo=1, routed)           1.972     2.896    clock_IBUF
    BUFGCTRL_X0Y0        BUFG (Prop_bufg_I_O)         0.091     2.987 r  clock_IBUF_BUFG_inst/O
                         net (fo=68, routed)          1.612     4.599    clock_IBUF_BUFG
    SLICE_X103Y56        FDRE                                         r  sA_zeroInput_r_reg/C

Slack:                    inf
  Source:                 io_a[10]
                            (input port)
  Destination:            sA_tempExp_r_reg[9]/D
                            (rising edge-triggered cell FDRE clocked by sys_clk  {rise@0.000ns fall@2.500ns period=5.000ns})
  Path Group:             (none)
  Path Type:              Setup (Max at Slow Process Corner)
  Data Path Delay:        8.173ns  (logic 1.964ns (24.029%)  route 6.209ns (75.971%))
  Logic Levels:           4  (CARRY4=2 IBUF=1 LUT4=1)
  Clock Path Skew:        4.599ns (DCD - SCD + CPR)
    Destination Clock Delay (DCD):    4.599ns
    Source Clock Delay      (SCD):    0.000ns
    Clock Pessimism Removal (CPR):    0.000ns
  Clock Uncertainty:      0.025ns  ((TSJ^2 + TIJ^2)^1/2 + DJ) / 2 + PE
    Total System Jitter     (TSJ):    0.050ns
    Total Input Jitter      (TIJ):    0.000ns
    Discrete Jitter          (DJ):    0.000ns
    Phase Error              (PE):    0.000ns

    Location             Delay type                Incr(ns)  Path(ns)    Netlist Resource(s)
  -------------------------------------------------------------------    -------------------
    U8                                                0.000     0.000 r  io_a[10]
                         net (fo=0)                   0.000     0.000    io_a[10]
    U8                   IBUF (Prop_ibuf_I_O)         1.004     1.004 r  io_a_IBUF[10]_inst/O
                         net (fo=5, routed)           6.209     7.213    io_a_IBUF[10]
    SLICE_X102Y55        LUT4 (Prop_lut4_I0_O)        0.124     7.337 r  sA_tempExp_r[7]_i_9/O
                         net (fo=1, routed)           0.000     7.337    sA_tempExp_r[7]_i_9_n_0
    SLICE_X102Y55        CARRY4 (Prop_carry4_S[0]_CO[3])
                                                      0.513     7.850 r  sA_tempExp_r_reg[7]_i_1/CO[3]
                         net (fo=1, routed)           0.000     7.850    sA_tempExp_r_reg[7]_i_1_n_0
    SLICE_X102Y56        CARRY4 (Prop_carry4_CI_O[1])
                                                      0.323     8.173 r  sA_tempExp_r_reg[9]_i_1/O[1]
                         net (fo=1, routed)           0.000     8.173    sA_tempExp_r0_B_dspDelayedAccum[9]
    SLICE_X102Y56        FDRE                                         r  sA_tempExp_r_reg[9]/D
  -------------------------------------------------------------------    -------------------

                         (clock sys_clk rise edge)    0.000     0.000 r  <hidden>
    U7                                                0.000     0.000 r  clock
                         net (fo=0)                   0.000     0.000    clock
    U7                   IBUF (Prop_ibuf_I_O)         0.924     0.924 r  clock_IBUF_inst/O
                         net (fo=1, routed)           1.972     2.896    clock_IBUF
    BUFGCTRL_X0Y0        BUFG (Prop_bufg_I_O)         0.091     2.987 r  clock_IBUF_BUFG_inst/O
                         net (fo=68, routed)          1.612     4.599    clock_IBUF_BUFG
    SLICE_X102Y56        FDRE                                         r  sA_tempExp_r_reg[9]/C

Slack:                    inf
  Source:                 io_a[5]
                            (input port)
  Destination:            sA_isNaN_r_reg/D
                            (rising edge-triggered cell FDRE clocked by sys_clk  {rise@0.000ns fall@2.500ns period=5.000ns})
  Path Group:             (none)
  Path Type:              Setup (Max at Slow Process Corner)
  Data Path Delay:        8.159ns  (logic 1.430ns (17.528%)  route 6.729ns (82.472%))
  Logic Levels:           4  (IBUF=1 LUT4=3)
  Clock Path Skew:        4.600ns (DCD - SCD + CPR)
    Destination Clock Delay (DCD):    4.600ns
    Source Clock Delay      (SCD):    0.000ns
    Clock Pessimism Removal (CPR):    0.000ns
  Clock Uncertainty:      0.025ns  ((TSJ^2 + TIJ^2)^1/2 + DJ) / 2 + PE
    Total System Jitter     (TSJ):    0.050ns
    Total Input Jitter      (TIJ):    0.000ns
    Discrete Jitter          (DJ):    0.000ns
    Phase Error              (PE):    0.000ns

    Location             Delay type                Incr(ns)  Path(ns)    Netlist Resource(s)
  -------------------------------------------------------------------    -------------------
    Y12                                               0.000     0.000 r  io_a[5]
                         net (fo=0)                   0.000     0.000    io_a[5]
    Y12                  IBUF (Prop_ibuf_I_O)         1.032     1.032 r  io_a_IBUF[5]_inst/O
                         net (fo=2, routed)           5.934     6.966    io_a_IBUF[5]
    SLICE_X102Y50        LUT4 (Prop_lut4_I3_O)        0.124     7.090 r  sA_infInput_r_i_6/O
                         net (fo=1, routed)           0.162     7.252    sA_infInput_r_i_6_n_0
    SLICE_X102Y50        LUT4 (Prop_lut4_I3_O)        0.124     7.376 r  sA_infInput_r_i_2/O
                         net (fo=2, routed)           0.633     8.009    sA_infInput_r34_in
    SLICE_X103Y51        LUT4 (Prop_lut4_I0_O)        0.150     8.159 r  sA_isNaN_r_i_1/O
                         net (fo=1, routed)           0.000     8.159    sA_isNaN_r0
    SLICE_X103Y51        FDRE                                         r  sA_isNaN_r_reg/D
  -------------------------------------------------------------------    -------------------

                         (clock sys_clk rise edge)    0.000     0.000 r  <hidden>
    U7                                                0.000     0.000 r  clock
                         net (fo=0)                   0.000     0.000    clock
    U7                   IBUF (Prop_ibuf_I_O)         0.924     0.924 r  clock_IBUF_inst/O
                         net (fo=1, routed)           1.972     2.896    clock_IBUF
    BUFGCTRL_X0Y0        BUFG (Prop_bufg_I_O)         0.091     2.987 r  clock_IBUF_BUFG_inst/O
                         net (fo=68, routed)          1.613     4.600    clock_IBUF_BUFG
    SLICE_X103Y51        FDRE                                         r  sA_isNaN_r_reg/C

Slack:                    inf
  Source:                 io_a[5]
                            (input port)
  Destination:            sA_infInput_r_reg/D
                            (rising edge-triggered cell FDRE clocked by sys_clk  {rise@0.000ns fall@2.500ns period=5.000ns})
  Path Group:             (none)
  Path Type:              Setup (Max at Slow Process Corner)
  Data Path Delay:        8.133ns  (logic 1.404ns (17.264%)  route 6.729ns (82.736%))
  Logic Levels:           4  (IBUF=1 LUT4=3)
  Clock Path Skew:        4.600ns (DCD - SCD + CPR)
    Destination Clock Delay (DCD):    4.600ns
    Source Clock Delay      (SCD):    0.000ns
    Clock Pessimism Removal (CPR):    0.000ns
  Clock Uncertainty:      0.025ns  ((TSJ^2 + TIJ^2)^1/2 + DJ) / 2 + PE
    Total System Jitter     (TSJ):    0.050ns
    Total Input Jitter      (TIJ):    0.000ns
    Discrete Jitter          (DJ):    0.000ns
    Phase Error              (PE):    0.000ns

    Location             Delay type                Incr(ns)  Path(ns)    Netlist Resource(s)
  -------------------------------------------------------------------    -------------------
    Y12                                               0.000     0.000 f  io_a[5]
                         net (fo=0)                   0.000     0.000    io_a[5]
    Y12                  IBUF (Prop_ibuf_I_O)         1.032     1.032 f  io_a_IBUF[5]_inst/O
                         net (fo=2, routed)           5.934     6.966    io_a_IBUF[5]
    SLICE_X102Y50        LUT4 (Prop_lut4_I3_O)        0.124     7.090 f  sA_infInput_r_i_6/O
                         net (fo=1, routed)           0.162     7.252    sA_infInput_r_i_6_n_0
    SLICE_X102Y50        LUT4 (Prop_lut4_I3_O)        0.124     7.376 f  sA_infInput_r_i_2/O
                         net (fo=2, routed)           0.633     8.009    sA_infInput_r34_in
    SLICE_X103Y51        LUT4 (Prop_lut4_I0_O)        0.124     8.133 r  sA_infInput_r_i_1/O
                         net (fo=1, routed)           0.000     8.133    sA_infInput_r0
    SLICE_X103Y51        FDRE                                         r  sA_infInput_r_reg/D
  -------------------------------------------------------------------    -------------------

                         (clock sys_clk rise edge)    0.000     0.000 r  <hidden>
    U7                                                0.000     0.000 r  clock
                         net (fo=0)                   0.000     0.000    clock
    U7                   IBUF (Prop_ibuf_I_O)         0.924     0.924 r  clock_IBUF_inst/O
                         net (fo=1, routed)           1.972     2.896    clock_IBUF
    BUFGCTRL_X0Y0        BUFG (Prop_bufg_I_O)         0.091     2.987 r  clock_IBUF_BUFG_inst/O
                         net (fo=68, routed)          1.613     4.600    clock_IBUF_BUFG
    SLICE_X103Y51        FDRE                                         r  sA_infInput_r_reg/C

Slack:                    inf
  Source:                 io_a[10]
                            (input port)
  Destination:            sA_tempExp_r_reg[8]/D
                            (rising edge-triggered cell FDRE clocked by sys_clk  {rise@0.000ns fall@2.500ns period=5.000ns})
  Path Group:             (none)
  Path Type:              Setup (Max at Slow Process Corner)
  Data Path Delay:        8.069ns  (logic 1.860ns (23.050%)  route 6.209ns (76.950%))
  Logic Levels:           4  (CARRY4=2 IBUF=1 LUT4=1)
  Clock Path Skew:        4.599ns (DCD - SCD + CPR)
    Destination Clock Delay (DCD):    4.599ns
    Source Clock Delay      (SCD):    0.000ns
    Clock Pessimism Removal (CPR):    0.000ns
  Clock Uncertainty:      0.025ns  ((TSJ^2 + TIJ^2)^1/2 + DJ) / 2 + PE
    Total System Jitter     (TSJ):    0.050ns
    Total Input Jitter      (TIJ):    0.000ns
    Discrete Jitter          (DJ):    0.000ns
    Phase Error              (PE):    0.000ns

    Location             Delay type                Incr(ns)  Path(ns)    Netlist Resource(s)
  -------------------------------------------------------------------    -------------------
    U8                                                0.000     0.000 r  io_a[10]
                         net (fo=0)                   0.000     0.000    io_a[10]
    U8                   IBUF (Prop_ibuf_I_O)         1.004     1.004 r  io_a_IBUF[10]_inst/O
                         net (fo=5, routed)           6.209     7.213    io_a_IBUF[10]
    SLICE_X102Y55        LUT4 (Prop_lut4_I0_O)        0.124     7.337 r  sA_tempExp_r[7]_i_9/O
                         net (fo=1, routed)           0.000     7.337    sA_tempExp_r[7]_i_9_n_0
    SLICE_X102Y55        CARRY4 (Prop_carry4_S[0]_CO[3])
                                                      0.513     7.850 r  sA_tempExp_r_reg[7]_i_1/CO[3]
                         net (fo=1, routed)           0.000     7.850    sA_tempExp_r_reg[7]_i_1_n_0
    SLICE_X102Y56        CARRY4 (Prop_carry4_CI_O[0])
                                                      0.219     8.069 r  sA_tempExp_r_reg[9]_i_1/O[0]
                         net (fo=1, routed)           0.000     8.069    sA_tempExp_r0_B_dspDelayedAccum[8]
    SLICE_X102Y56        FDRE                                         r  sA_tempExp_r_reg[8]/D
  -------------------------------------------------------------------    -------------------

                         (clock sys_clk rise edge)    0.000     0.000 r  <hidden>
    U7                                                0.000     0.000 r  clock
                         net (fo=0)                   0.000     0.000    clock
    U7                   IBUF (Prop_ibuf_I_O)         0.924     0.924 r  clock_IBUF_inst/O
                         net (fo=1, routed)           1.972     2.896    clock_IBUF
    BUFGCTRL_X0Y0        BUFG (Prop_bufg_I_O)         0.091     2.987 r  clock_IBUF_BUFG_inst/O
                         net (fo=68, routed)          1.612     4.599    clock_IBUF_BUFG
    SLICE_X102Y56        FDRE                                         r  sA_tempExp_r_reg[8]/C

Slack:                    inf
  Source:                 io_a[10]
                            (input port)
  Destination:            sA_tempExp_r_reg[7]/D
                            (rising edge-triggered cell FDRE clocked by sys_clk  {rise@0.000ns fall@2.500ns period=5.000ns})
  Path Group:             (none)
  Path Type:              Setup (Max at Slow Process Corner)
  Data Path Delay:        7.945ns  (logic 1.736ns (21.849%)  route 6.209ns (78.151%))
  Logic Levels:           3  (CARRY4=1 IBUF=1 LUT4=1)
  Clock Path Skew:        4.599ns (DCD - SCD + CPR)
    Destination Clock Delay (DCD):    4.599ns
    Source Clock Delay      (SCD):    0.000ns
    Clock Pessimism Removal (CPR):    0.000ns
  Clock Uncertainty:      0.025ns  ((TSJ^2 + TIJ^2)^1/2 + DJ) / 2 + PE
    Total System Jitter     (TSJ):    0.050ns
    Total Input Jitter      (TIJ):    0.000ns
    Discrete Jitter          (DJ):    0.000ns
    Phase Error              (PE):    0.000ns

    Location             Delay type                Incr(ns)  Path(ns)    Netlist Resource(s)
  -------------------------------------------------------------------    -------------------
    U8                                                0.000     0.000 r  io_a[10]
                         net (fo=0)                   0.000     0.000    io_a[10]
    U8                   IBUF (Prop_ibuf_I_O)         1.004     1.004 r  io_a_IBUF[10]_inst/O
                         net (fo=5, routed)           6.209     7.213    io_a_IBUF[10]
    SLICE_X102Y55        LUT4 (Prop_lut4_I0_O)        0.124     7.337 r  sA_tempExp_r[7]_i_9/O
                         net (fo=1, routed)           0.000     7.337    sA_tempExp_r[7]_i_9_n_0
    SLICE_X102Y55        CARRY4 (Prop_carry4_S[0]_O[3])
                                                      0.608     7.945 r  sA_tempExp_r_reg[7]_i_1/O[3]
                         net (fo=1, routed)           0.000     7.945    sA_tempExp_r0_B_dspDelayedAccum[7]
    SLICE_X102Y55        FDRE                                         r  sA_tempExp_r_reg[7]/D
  -------------------------------------------------------------------    -------------------

                         (clock sys_clk rise edge)    0.000     0.000 r  <hidden>
    U7                                                0.000     0.000 r  clock
                         net (fo=0)                   0.000     0.000    clock
    U7                   IBUF (Prop_ibuf_I_O)         0.924     0.924 r  clock_IBUF_inst/O
                         net (fo=1, routed)           1.972     2.896    clock_IBUF
    BUFGCTRL_X0Y0        BUFG (Prop_bufg_I_O)         0.091     2.987 r  clock_IBUF_BUFG_inst/O
                         net (fo=68, routed)          1.612     4.599    clock_IBUF_BUFG
    SLICE_X102Y55        FDRE                                         r  sA_tempExp_r_reg[7]/C

Slack:                    inf
  Source:                 io_a[10]
                            (input port)
  Destination:            sA_tempExp_r_reg[6]/D
                            (rising edge-triggered cell FDRE clocked by sys_clk  {rise@0.000ns fall@2.500ns period=5.000ns})
  Path Group:             (none)
  Path Type:              Setup (Max at Slow Process Corner)
  Data Path Delay:        7.881ns  (logic 1.672ns (21.214%)  route 6.209ns (78.786%))
  Logic Levels:           3  (CARRY4=1 IBUF=1 LUT4=1)
  Clock Path Skew:        4.599ns (DCD - SCD + CPR)
    Destination Clock Delay (DCD):    4.599ns
    Source Clock Delay      (SCD):    0.000ns
    Clock Pessimism Removal (CPR):    0.000ns
  Clock Uncertainty:      0.025ns  ((TSJ^2 + TIJ^2)^1/2 + DJ) / 2 + PE
    Total System Jitter     (TSJ):    0.050ns
    Total Input Jitter      (TIJ):    0.000ns
    Discrete Jitter          (DJ):    0.000ns
    Phase Error              (PE):    0.000ns

    Location             Delay type                Incr(ns)  Path(ns)    Netlist Resource(s)
  -------------------------------------------------------------------    -------------------
    U8                                                0.000     0.000 r  io_a[10]
                         net (fo=0)                   0.000     0.000    io_a[10]
    U8                   IBUF (Prop_ibuf_I_O)         1.004     1.004 r  io_a_IBUF[10]_inst/O
                         net (fo=5, routed)           6.209     7.213    io_a_IBUF[10]
    SLICE_X102Y55        LUT4 (Prop_lut4_I0_O)        0.124     7.337 r  sA_tempExp_r[7]_i_9/O
                         net (fo=1, routed)           0.000     7.337    sA_tempExp_r[7]_i_9_n_0
    SLICE_X102Y55        CARRY4 (Prop_carry4_S[0]_O[2])
                                                      0.544     7.881 r  sA_tempExp_r_reg[7]_i_1/O[2]
                         net (fo=1, routed)           0.000     7.881    sA_tempExp_r0_B_dspDelayedAccum[6]
    SLICE_X102Y55        FDRE                                         r  sA_tempExp_r_reg[6]/D
  -------------------------------------------------------------------    -------------------

                         (clock sys_clk rise edge)    0.000     0.000 r  <hidden>
    U7                                                0.000     0.000 r  clock
                         net (fo=0)                   0.000     0.000    clock
    U7                   IBUF (Prop_ibuf_I_O)         0.924     0.924 r  clock_IBUF_inst/O
                         net (fo=1, routed)           1.972     2.896    clock_IBUF
    BUFGCTRL_X0Y0        BUFG (Prop_bufg_I_O)         0.091     2.987 r  clock_IBUF_BUFG_inst/O
                         net (fo=68, routed)          1.612     4.599    clock_IBUF_BUFG
    SLICE_X102Y55        FDRE                                         r  sA_tempExp_r_reg[6]/C

Slack:                    inf
  Source:                 io_a[7]
                            (input port)
  Destination:            sA_tempExp_r_reg[5]/D
                            (rising edge-triggered cell FDRE clocked by sys_clk  {rise@0.000ns fall@2.500ns period=5.000ns})
  Path Group:             (none)
  Path Type:              Setup (Max at Slow Process Corner)
  Data Path Delay:        7.814ns  (logic 1.960ns (25.090%)  route 5.853ns (74.910%))
  Logic Levels:           4  (CARRY4=2 IBUF=1 LUT2=1)
  Clock Path Skew:        4.599ns (DCD - SCD + CPR)
    Destination Clock Delay (DCD):    4.599ns
    Source Clock Delay      (SCD):    0.000ns
    Clock Pessimism Removal (CPR):    0.000ns
  Clock Uncertainty:      0.025ns  ((TSJ^2 + TIJ^2)^1/2 + DJ) / 2 + PE
    Total System Jitter     (TSJ):    0.050ns
    Total Input Jitter      (TIJ):    0.000ns
    Discrete Jitter          (DJ):    0.000ns
    Phase Error              (PE):    0.000ns

    Location             Delay type                Incr(ns)  Path(ns)    Netlist Resource(s)
  -------------------------------------------------------------------    -------------------
    T5                                                0.000     0.000 r  io_a[7]
                         net (fo=0)                   0.000     0.000    io_a[7]
    T5                   IBUF (Prop_ibuf_I_O)         1.000     1.000 r  io_a_IBUF[7]_inst/O
                         net (fo=4, routed)           5.853     6.854    io_a_IBUF[7]
    SLICE_X102Y54        LUT2 (Prop_lut2_I0_O)        0.124     6.978 r  sA_tempExp_r[3]_i_6/O
                         net (fo=1, routed)           0.000     6.978    sA_tempExp_r[3]_i_6_n_0
    SLICE_X102Y54        CARRY4 (Prop_carry4_S[0]_CO[3])
                                                      0.513     7.491 r  sA_tempExp_r_reg[3]_i_1/CO[3]
                         net (fo=1, routed)           0.000     7.491    sA_tempExp_r_reg[3]_i_1_n_0
    SLICE_X102Y55        CARRY4 (Prop_carry4_CI_O[1])
                                                      0.323     7.814 r  sA_tempExp_r_reg[7]_i_1/O[1]
                         net (fo=1, routed)           0.000     7.814    sA_tempExp_r0_B_dspDelayedAccum[5]
    SLICE_X102Y55        FDRE                                         r  sA_tempExp_r_reg[5]/D
  -------------------------------------------------------------------    -------------------

                         (clock sys_clk rise edge)    0.000     0.000 r  <hidden>
    U7                                                0.000     0.000 r  clock
                         net (fo=0)                   0.000     0.000    clock
    U7                   IBUF (Prop_ibuf_I_O)         0.924     0.924 r  clock_IBUF_inst/O
                         net (fo=1, routed)           1.972     2.896    clock_IBUF
    BUFGCTRL_X0Y0        BUFG (Prop_bufg_I_O)         0.091     2.987 r  clock_IBUF_BUFG_inst/O
                         net (fo=68, routed)          1.612     4.599    clock_IBUF_BUFG
    SLICE_X102Y55        FDRE                                         r  sA_tempExp_r_reg[5]/C

Slack:                    inf
  Source:                 io_a[7]
                            (input port)
  Destination:            sA_tempExp_r_reg[4]/D
                            (rising edge-triggered cell FDRE clocked by sys_clk  {rise@0.000ns fall@2.500ns period=5.000ns})
  Path Group:             (none)
  Path Type:              Setup (Max at Slow Process Corner)
  Data Path Delay:        7.710ns  (logic 1.856ns (24.080%)  route 5.853ns (75.920%))
  Logic Levels:           4  (CARRY4=2 IBUF=1 LUT2=1)
  Clock Path Skew:        4.599ns (DCD - SCD + CPR)
    Destination Clock Delay (DCD):    4.599ns
    Source Clock Delay      (SCD):    0.000ns
    Clock Pessimism Removal (CPR):    0.000ns
  Clock Uncertainty:      0.025ns  ((TSJ^2 + TIJ^2)^1/2 + DJ) / 2 + PE
    Total System Jitter     (TSJ):    0.050ns
    Total Input Jitter      (TIJ):    0.000ns
    Discrete Jitter          (DJ):    0.000ns
    Phase Error              (PE):    0.000ns

    Location             Delay type                Incr(ns)  Path(ns)    Netlist Resource(s)
  -------------------------------------------------------------------    -------------------
    T5                                                0.000     0.000 r  io_a[7]
                         net (fo=0)                   0.000     0.000    io_a[7]
    T5                   IBUF (Prop_ibuf_I_O)         1.000     1.000 r  io_a_IBUF[7]_inst/O
                         net (fo=4, routed)           5.853     6.854    io_a_IBUF[7]
    SLICE_X102Y54        LUT2 (Prop_lut2_I0_O)        0.124     6.978 r  sA_tempExp_r[3]_i_6/O
                         net (fo=1, routed)           0.000     6.978    sA_tempExp_r[3]_i_6_n_0
    SLICE_X102Y54        CARRY4 (Prop_carry4_S[0]_CO[3])
                                                      0.513     7.491 r  sA_tempExp_r_reg[3]_i_1/CO[3]
                         net (fo=1, routed)           0.000     7.491    sA_tempExp_r_reg[3]_i_1_n_0
    SLICE_X102Y55        CARRY4 (Prop_carry4_CI_O[0])
                                                      0.219     7.710 r  sA_tempExp_r_reg[7]_i_1/O[0]
                         net (fo=1, routed)           0.000     7.710    sA_tempExp_r0_B_dspDelayedAccum[4]
    SLICE_X102Y55        FDRE                                         r  sA_tempExp_r_reg[4]/D
  -------------------------------------------------------------------    -------------------

                         (clock sys_clk rise edge)    0.000     0.000 r  <hidden>
    U7                                                0.000     0.000 r  clock
                         net (fo=0)                   0.000     0.000    clock
    U7                   IBUF (Prop_ibuf_I_O)         0.924     0.924 r  clock_IBUF_inst/O
                         net (fo=1, routed)           1.972     2.896    clock_IBUF
    BUFGCTRL_X0Y0        BUFG (Prop_bufg_I_O)         0.091     2.987 r  clock_IBUF_BUFG_inst/O
                         net (fo=68, routed)          1.612     4.599    clock_IBUF_BUFG
    SLICE_X102Y55        FDRE                                         r  sA_tempExp_r_reg[4]/C

Slack:                    inf
  Source:                 io_a[7]
                            (input port)
  Destination:            sA_tempExp_r_reg[3]/D
                            (rising edge-triggered cell FDRE clocked by sys_clk  {rise@0.000ns fall@2.500ns period=5.000ns})
  Path Group:             (none)
  Path Type:              Setup (Max at Slow Process Corner)
  Data Path Delay:        7.586ns  (logic 1.732ns (22.839%)  route 5.853ns (77.161%))
  Logic Levels:           3  (CARRY4=1 IBUF=1 LUT2=1)
  Clock Path Skew:        4.599ns (DCD - SCD + CPR)
    Destination Clock Delay (DCD):    4.599ns
    Source Clock Delay      (SCD):    0.000ns
    Clock Pessimism Removal (CPR):    0.000ns
  Clock Uncertainty:      0.025ns  ((TSJ^2 + TIJ^2)^1/2 + DJ) / 2 + PE
    Total System Jitter     (TSJ):    0.050ns
    Total Input Jitter      (TIJ):    0.000ns
    Discrete Jitter          (DJ):    0.000ns
    Phase Error              (PE):    0.000ns

    Location             Delay type                Incr(ns)  Path(ns)    Netlist Resource(s)
  -------------------------------------------------------------------    -------------------
    T5                                                0.000     0.000 r  io_a[7]
                         net (fo=0)                   0.000     0.000    io_a[7]
    T5                   IBUF (Prop_ibuf_I_O)         1.000     1.000 r  io_a_IBUF[7]_inst/O
                         net (fo=4, routed)           5.853     6.854    io_a_IBUF[7]
    SLICE_X102Y54        LUT2 (Prop_lut2_I0_O)        0.124     6.978 r  sA_tempExp_r[3]_i_6/O
                         net (fo=1, routed)           0.000     6.978    sA_tempExp_r[3]_i_6_n_0
    SLICE_X102Y54        CARRY4 (Prop_carry4_S[0]_O[3])
                                                      0.608     7.586 r  sA_tempExp_r_reg[3]_i_1/O[3]
                         net (fo=1, routed)           0.000     7.586    sA_tempExp_r0_B_dspDelayedAccum[3]
    SLICE_X102Y54        FDRE                                         r  sA_tempExp_r_reg[3]/D
  -------------------------------------------------------------------    -------------------

                         (clock sys_clk rise edge)    0.000     0.000 r  <hidden>
    U7                                                0.000     0.000 r  clock
                         net (fo=0)                   0.000     0.000    clock
    U7                   IBUF (Prop_ibuf_I_O)         0.924     0.924 r  clock_IBUF_inst/O
                         net (fo=1, routed)           1.972     2.896    clock_IBUF
    BUFGCTRL_X0Y0        BUFG (Prop_bufg_I_O)         0.091     2.987 r  clock_IBUF_BUFG_inst/O
                         net (fo=68, routed)          1.612     4.599    clock_IBUF_BUFG
    SLICE_X102Y54        FDRE                                         r  sA_tempExp_r_reg[3]/C





Min Delay Paths
--------------------------------------------------------------------------------------
Slack:                    inf
  Source:                 io_b[9]
                            (input port)
  Destination:            sA_tempExp_r_reg[3]/D
                            (rising edge-triggered cell FDRE clocked by sys_clk  {rise@0.000ns fall@2.500ns period=5.000ns})
  Path Group:             (none)
  Path Type:              Hold (Min at Fast Process Corner)
  Data Path Delay:        0.877ns  (logic 0.295ns (33.680%)  route 0.582ns (66.320%))
  Logic Levels:           3  (CARRY4=1 IBUF=1 LUT4=1)
  Clock Path Skew:        2.104ns (DCD - SCD - CPR)
    Destination Clock Delay (DCD):    2.104ns
    Source Clock Delay      (SCD):    0.000ns
    Clock Pessimism Removal (CPR):    -0.000ns

    Location             Delay type                Incr(ns)  Path(ns)    Netlist Resource(s)
  -------------------------------------------------------------------    -------------------
    R18                                               0.000     0.000 r  io_b[9]
                         net (fo=0)                   0.000     0.000    io_b[9]
    R18                  IBUF (Prop_ibuf_I_O)         0.186     0.186 r  io_b_IBUF[9]_inst/O
                         net (fo=5, routed)           0.582     0.768    io_b_IBUF[9]
    SLICE_X102Y54        LUT4 (Prop_lut4_I1_O)        0.045     0.813 r  sA_tempExp_r[3]_i_3/O
                         net (fo=1, routed)           0.000     0.813    sA_tempExp_r[3]_i_3_n_0
    SLICE_X102Y54        CARRY4 (Prop_carry4_S[3]_O[3])
                                                      0.064     0.877 r  sA_tempExp_r_reg[3]_i_1/O[3]
                         net (fo=1, routed)           0.000     0.877    sA_tempExp_r0_B_dspDelayedAccum[3]
    SLICE_X102Y54        FDRE                                         r  sA_tempExp_r_reg[3]/D
  -------------------------------------------------------------------    -------------------

                         (clock sys_clk rise edge)    0.000     0.000 r  <hidden>
    U7                                                0.000     0.000 r  clock
                         net (fo=0)                   0.000     0.000    clock
    U7                   IBUF (Prop_ibuf_I_O)         0.476     0.476 r  clock_IBUF_inst/O
                         net (fo=1, routed)           0.719     1.195    clock_IBUF
    BUFGCTRL_X0Y0        BUFG (Prop_bufg_I_O)         0.029     1.224 r  clock_IBUF_BUFG_inst/O
                         net (fo=68, routed)          0.880     2.104    clock_IBUF_BUFG
    SLICE_X102Y54        FDRE                                         r  sA_tempExp_r_reg[3]/C

Slack:                    inf
  Source:                 io_b[1]
                            (input port)
  Destination:            sA_tempSig_reg/B[1]
                            (rising edge-triggered cell DSP48E1 clocked by sys_clk  {rise@0.000ns fall@2.500ns period=5.000ns})
  Path Group:             (none)
  Path Type:              Hold (Min at Fast Process Corner)
  Data Path Delay:        0.886ns  (logic 0.198ns (22.413%)  route 0.687ns (77.587%))
  Logic Levels:           1  (IBUF=1)
  Clock Path Skew:        2.195ns (DCD - SCD - CPR)
    Destination Clock Delay (DCD):    2.195ns
    Source Clock Delay      (SCD):    0.000ns
    Clock Pessimism Removal (CPR):    -0.000ns

    Location             Delay type                Incr(ns)  Path(ns)    Netlist Resource(s)
  -------------------------------------------------------------------    -------------------
    P16                                               0.000     0.000 r  io_b[1]
                         net (fo=0)                   0.000     0.000    io_b[1]
    P16                  IBUF (Prop_ibuf_I_O)         0.198     0.198 r  io_b_IBUF[1]_inst/O
                         net (fo=2, routed)           0.687     0.886    io_b_IBUF[1]
    DSP48_X4Y20          DSP48E1                                      r  sA_tempSig_reg/B[1]
  -------------------------------------------------------------------    -------------------

                         (clock sys_clk rise edge)    0.000     0.000 r  <hidden>
    U7                                                0.000     0.000 r  clock
                         net (fo=0)                   0.000     0.000    clock
    U7                   IBUF (Prop_ibuf_I_O)         0.476     0.476 r  clock_IBUF_inst/O
                         net (fo=1, routed)           0.719     1.195    clock_IBUF
    BUFGCTRL_X0Y0        BUFG (Prop_bufg_I_O)         0.029     1.224 r  clock_IBUF_BUFG_inst/O
                         net (fo=68, routed)          0.971     2.195    clock_IBUF_BUFG
    DSP48_X4Y20          DSP48E1                                      r  sA_tempSig_reg/CLK

Slack:                    inf
  Source:                 io_b[9]
                            (input port)
  Destination:            sA_tempExp_r_reg[2]/D
                            (rising edge-triggered cell FDRE clocked by sys_clk  {rise@0.000ns fall@2.500ns period=5.000ns})
  Path Group:             (none)
  Path Type:              Hold (Min at Fast Process Corner)
  Data Path Delay:        0.887ns  (logic 0.296ns (33.413%)  route 0.591ns (66.587%))
  Logic Levels:           3  (CARRY4=1 IBUF=1 LUT3=1)
  Clock Path Skew:        2.104ns (DCD - SCD - CPR)
    Destination Clock Delay (DCD):    2.104ns
    Source Clock Delay      (SCD):    0.000ns
    Clock Pessimism Removal (CPR):    -0.000ns

    Location             Delay type                Incr(ns)  Path(ns)    Netlist Resource(s)
  -------------------------------------------------------------------    -------------------
    R18                                               0.000     0.000 r  io_b[9]
                         net (fo=0)                   0.000     0.000    io_b[9]
    R18                  IBUF (Prop_ibuf_I_O)         0.186     0.186 r  io_b_IBUF[9]_inst/O
                         net (fo=5, routed)           0.591     0.777    io_b_IBUF[9]
    SLICE_X102Y54        LUT3 (Prop_lut3_I1_O)        0.045     0.822 r  sA_tempExp_r[3]_i_4/O
                         net (fo=1, routed)           0.000     0.822    sA_tempExp_r[3]_i_4_n_0
    SLICE_X102Y54        CARRY4 (Prop_carry4_S[2]_O[2])
                                                      0.065     0.887 r  sA_tempExp_r_reg[3]_i_1/O[2]
                         net (fo=1, routed)           0.000     0.887    sA_tempExp_r0_B_dspDelayedAccum[2]
    SLICE_X102Y54        FDRE                                         r  sA_tempExp_r_reg[2]/D
  -------------------------------------------------------------------    -------------------

                         (clock sys_clk rise edge)    0.000     0.000 r  <hidden>
    U7                                                0.000     0.000 r  clock
                         net (fo=0)                   0.000     0.000    clock
    U7                   IBUF (Prop_ibuf_I_O)         0.476     0.476 r  clock_IBUF_inst/O
                         net (fo=1, routed)           0.719     1.195    clock_IBUF
    BUFGCTRL_X0Y0        BUFG (Prop_bufg_I_O)         0.029     1.224 r  clock_IBUF_BUFG_inst/O
                         net (fo=68, routed)          0.880     2.104    clock_IBUF_BUFG
    SLICE_X102Y54        FDRE                                         r  sA_tempExp_r_reg[2]/C

Slack:                    inf
  Source:                 io_b[4]
                            (input port)
  Destination:            sA_tempSig_reg/B[4]
                            (rising edge-triggered cell DSP48E1 clocked by sys_clk  {rise@0.000ns fall@2.500ns period=5.000ns})
  Path Group:             (none)
  Path Type:              Hold (Min at Fast Process Corner)
  Data Path Delay:        0.901ns  (logic 0.190ns (21.082%)  route 0.711ns (78.918%))
  Logic Levels:           1  (IBUF=1)
  Clock Path Skew:        2.195ns (DCD - SCD - CPR)
    Destination Clock Delay (DCD):    2.195ns
    Source Clock Delay      (SCD):    0.000ns
    Clock Pessimism Removal (CPR):    -0.000ns

    Location             Delay type                Incr(ns)  Path(ns)    Netlist Resource(s)
  -------------------------------------------------------------------    -------------------
    N17                                               0.000     0.000 r  io_b[4]
                         net (fo=0)                   0.000     0.000    io_b[4]
    N17                  IBUF (Prop_ibuf_I_O)         0.190     0.190 r  io_b_IBUF[4]_inst/O
                         net (fo=2, routed)           0.711     0.901    io_b_IBUF[4]
    DSP48_X4Y20          DSP48E1                                      r  sA_tempSig_reg/B[4]
  -------------------------------------------------------------------    -------------------

                         (clock sys_clk rise edge)    0.000     0.000 r  <hidden>
    U7                                                0.000     0.000 r  clock
                         net (fo=0)                   0.000     0.000    clock
    U7                   IBUF (Prop_ibuf_I_O)         0.476     0.476 r  clock_IBUF_inst/O
                         net (fo=1, routed)           0.719     1.195    clock_IBUF
    BUFGCTRL_X0Y0        BUFG (Prop_bufg_I_O)         0.029     1.224 r  clock_IBUF_BUFG_inst/O
                         net (fo=68, routed)          0.971     2.195    clock_IBUF_BUFG
    DSP48_X4Y20          DSP48E1                                      r  sA_tempSig_reg/CLK

Slack:                    inf
  Source:                 io_b[2]
                            (input port)
  Destination:            sA_tempSig_reg/B[2]
                            (rising edge-triggered cell DSP48E1 clocked by sys_clk  {rise@0.000ns fall@2.500ns period=5.000ns})
  Path Group:             (none)
  Path Type:              Hold (Min at Fast Process Corner)
  Data Path Delay:        0.903ns  (logic 0.194ns (21.425%)  route 0.710ns (78.575%))
  Logic Levels:           1  (IBUF=1)
  Clock Path Skew:        2.195ns (DCD - SCD - CPR)
    Destination Clock Delay (DCD):    2.195ns
    Source Clock Delay      (SCD):    0.000ns
    Clock Pessimism Removal (CPR):    -0.000ns

    Location             Delay type                Incr(ns)  Path(ns)    Netlist Resource(s)
  -------------------------------------------------------------------    -------------------
    P15                                               0.000     0.000 r  io_b[2]
                         net (fo=0)                   0.000     0.000    io_b[2]
    P15                  IBUF (Prop_ibuf_I_O)         0.194     0.194 r  io_b_IBUF[2]_inst/O
                         net (fo=2, routed)           0.710     0.903    io_b_IBUF[2]
    DSP48_X4Y20          DSP48E1                                      r  sA_tempSig_reg/B[2]
  -------------------------------------------------------------------    -------------------

                         (clock sys_clk rise edge)    0.000     0.000 r  <hidden>
    U7                                                0.000     0.000 r  clock
                         net (fo=0)                   0.000     0.000    clock
    U7                   IBUF (Prop_ibuf_I_O)         0.476     0.476 r  clock_IBUF_inst/O
                         net (fo=1, routed)           0.719     1.195    clock_IBUF
    BUFGCTRL_X0Y0        BUFG (Prop_bufg_I_O)         0.029     1.224 r  clock_IBUF_BUFG_inst/O
                         net (fo=68, routed)          0.971     2.195    clock_IBUF_BUFG
    DSP48_X4Y20          DSP48E1                                      r  sA_tempSig_reg/CLK

Slack:                    inf
  Source:                 io_b[5]
                            (input port)
  Destination:            sA_tempSig_reg/B[5]
                            (rising edge-triggered cell DSP48E1 clocked by sys_clk  {rise@0.000ns fall@2.500ns period=5.000ns})
  Path Group:             (none)
  Path Type:              Hold (Min at Fast Process Corner)
  Data Path Delay:        0.933ns  (logic 0.201ns (21.497%)  route 0.732ns (78.503%))
  Logic Levels:           1  (IBUF=1)
  Clock Path Skew:        2.195ns (DCD - SCD - CPR)
    Destination Clock Delay (DCD):    2.195ns
    Source Clock Delay      (SCD):    0.000ns
    Clock Pessimism Removal (CPR):    -0.000ns

    Location             Delay type                Incr(ns)  Path(ns)    Netlist Resource(s)
  -------------------------------------------------------------------    -------------------
    W19                                               0.000     0.000 r  io_b[5]
                         net (fo=0)                   0.000     0.000    io_b[5]
    W19                  IBUF (Prop_ibuf_I_O)         0.201     0.201 r  io_b_IBUF[5]_inst/O
                         net (fo=2, routed)           0.732     0.933    io_b_IBUF[5]
    DSP48_X4Y20          DSP48E1                                      r  sA_tempSig_reg/B[5]
  -------------------------------------------------------------------    -------------------

                         (clock sys_clk rise edge)    0.000     0.000 r  <hidden>
    U7                                                0.000     0.000 r  clock
                         net (fo=0)                   0.000     0.000    clock
    U7                   IBUF (Prop_ibuf_I_O)         0.476     0.476 r  clock_IBUF_inst/O
                         net (fo=1, routed)           0.719     1.195    clock_IBUF
    BUFGCTRL_X0Y0        BUFG (Prop_bufg_I_O)         0.029     1.224 r  clock_IBUF_BUFG_inst/O
                         net (fo=68, routed)          0.971     2.195    clock_IBUF_BUFG
    DSP48_X4Y20          DSP48E1                                      r  sA_tempSig_reg/CLK

Slack:                    inf
  Source:                 io_b[3]
                            (input port)
  Destination:            sA_tempSig_reg/B[3]
                            (rising edge-triggered cell DSP48E1 clocked by sys_clk  {rise@0.000ns fall@2.500ns period=5.000ns})
  Path Group:             (none)
  Path Type:              Hold (Min at Fast Process Corner)
  Data Path Delay:        0.939ns  (logic 0.175ns (18.640%)  route 0.764ns (81.360%))
  Logic Levels:           1  (IBUF=1)
  Clock Path Skew:        2.195ns (DCD - SCD - CPR)
    Destination Clock Delay (DCD):    2.195ns
    Source Clock Delay      (SCD):    0.000ns
    Clock Pessimism Removal (CPR):    -0.000ns

    Location             Delay type                Incr(ns)  Path(ns)    Netlist Resource(s)
  -------------------------------------------------------------------    -------------------
    P18                                               0.000     0.000 r  io_b[3]
                         net (fo=0)                   0.000     0.000    io_b[3]
    P18                  IBUF (Prop_ibuf_I_O)         0.175     0.175 r  io_b_IBUF[3]_inst/O
                         net (fo=2, routed)           0.764     0.939    io_b_IBUF[3]
    DSP48_X4Y20          DSP48E1                                      r  sA_tempSig_reg/B[3]
  -------------------------------------------------------------------    -------------------

                         (clock sys_clk rise edge)    0.000     0.000 r  <hidden>
    U7                                                0.000     0.000 r  clock
                         net (fo=0)                   0.000     0.000    clock
    U7                   IBUF (Prop_ibuf_I_O)         0.476     0.476 r  clock_IBUF_inst/O
                         net (fo=1, routed)           0.719     1.195    clock_IBUF
    BUFGCTRL_X0Y0        BUFG (Prop_bufg_I_O)         0.029     1.224 r  clock_IBUF_BUFG_inst/O
                         net (fo=68, routed)          0.971     2.195    clock_IBUF_BUFG
    DSP48_X4Y20          DSP48E1                                      r  sA_tempSig_reg/CLK

Slack:                    inf
  Source:                 io_b[7]
                            (input port)
  Destination:            sA_tempExp_r_reg[0]/D
                            (rising edge-triggered cell FDRE clocked by sys_clk  {rise@0.000ns fall@2.500ns period=5.000ns})
  Path Group:             (none)
  Path Type:              Hold (Min at Fast Process Corner)
  Data Path Delay:        0.944ns  (logic 0.332ns (35.152%)  route 0.612ns (64.848%))
  Logic Levels:           3  (CARRY4=1 IBUF=1 LUT2=1)
  Clock Path Skew:        2.104ns (DCD - SCD - CPR)
    Destination Clock Delay (DCD):    2.104ns
    Source Clock Delay      (SCD):    0.000ns
    Clock Pessimism Removal (CPR):    -0.000ns

    Location             Delay type                Incr(ns)  Path(ns)    Netlist Resource(s)
  -------------------------------------------------------------------    -------------------
    V18                                               0.000     0.000 r  io_b[7]
                         net (fo=0)                   0.000     0.000    io_b[7]
    V18                  IBUF (Prop_ibuf_I_O)         0.217     0.217 r  io_b_IBUF[7]_inst/O
                         net (fo=3, routed)           0.612     0.829    io_b_IBUF[7]
    SLICE_X102Y54        LUT2 (Prop_lut2_I1_O)        0.045     0.874 r  sA_tempExp_r[3]_i_6/O
                         net (fo=1, routed)           0.000     0.874    sA_tempExp_r[3]_i_6_n_0
    SLICE_X102Y54        CARRY4 (Prop_carry4_S[0]_O[0])
                                                      0.070     0.944 r  sA_tempExp_r_reg[3]_i_1/O[0]
                         net (fo=1, routed)           0.000     0.944    sA_tempExp_r0_B_dspDelayedAccum[0]
    SLICE_X102Y54        FDRE                                         r  sA_tempExp_r_reg[0]/D
  -------------------------------------------------------------------    -------------------

                         (clock sys_clk rise edge)    0.000     0.000 r  <hidden>
    U7                                                0.000     0.000 r  clock
                         net (fo=0)                   0.000     0.000    clock
    U7                   IBUF (Prop_ibuf_I_O)         0.476     0.476 r  clock_IBUF_inst/O
                         net (fo=1, routed)           0.719     1.195    clock_IBUF
    BUFGCTRL_X0Y0        BUFG (Prop_bufg_I_O)         0.029     1.224 r  clock_IBUF_BUFG_inst/O
                         net (fo=68, routed)          0.880     2.104    clock_IBUF_BUFG
    SLICE_X102Y54        FDRE                                         r  sA_tempExp_r_reg[0]/C

Slack:                    inf
  Source:                 io_b[9]
                            (input port)
  Destination:            sA_tempExp_r_reg[4]/D
                            (rising edge-triggered cell FDRE clocked by sys_clk  {rise@0.000ns fall@2.500ns period=5.000ns})
  Path Group:             (none)
  Path Type:              Hold (Min at Fast Process Corner)
  Data Path Delay:        0.961ns  (logic 0.379ns (39.477%)  route 0.582ns (60.523%))
  Logic Levels:           4  (CARRY4=2 IBUF=1 LUT2=1)
  Clock Path Skew:        2.104ns (DCD - SCD - CPR)
    Destination Clock Delay (DCD):    2.104ns
    Source Clock Delay      (SCD):    0.000ns
    Clock Pessimism Removal (CPR):    -0.000ns

    Location             Delay type                Incr(ns)  Path(ns)    Netlist Resource(s)
  -------------------------------------------------------------------    -------------------
    R18                                               0.000     0.000 r  io_b[9]
                         net (fo=0)                   0.000     0.000    io_b[9]
    R18                  IBUF (Prop_ibuf_I_O)         0.186     0.186 r  io_b_IBUF[9]_inst/O
                         net (fo=5, routed)           0.582     0.768    io_b_IBUF[9]
    SLICE_X102Y54        LUT2 (Prop_lut2_I0_O)        0.049     0.817 r  sA_tempExp_r[3]_i_2/O
                         net (fo=1, routed)           0.000     0.817    sA_tempExp_r[3]_i_2_n_0
    SLICE_X102Y54        CARRY4 (Prop_carry4_DI[3]_CO[3])
                                                      0.091     0.908 r  sA_tempExp_r_reg[3]_i_1/CO[3]
                         net (fo=1, routed)           0.000     0.908    sA_tempExp_r_reg[3]_i_1_n_0
    SLICE_X102Y55        CARRY4 (Prop_carry4_CI_O[0])
                                                      0.053     0.961 r  sA_tempExp_r_reg[7]_i_1/O[0]
                         net (fo=1, routed)           0.000     0.961    sA_tempExp_r0_B_dspDelayedAccum[4]
    SLICE_X102Y55        FDRE                                         r  sA_tempExp_r_reg[4]/D
  -------------------------------------------------------------------    -------------------

                         (clock sys_clk rise edge)    0.000     0.000 r  <hidden>
    U7                                                0.000     0.000 r  clock
                         net (fo=0)                   0.000     0.000    clock
    U7                   IBUF (Prop_ibuf_I_O)         0.476     0.476 r  clock_IBUF_inst/O
                         net (fo=1, routed)           0.719     1.195    clock_IBUF
    BUFGCTRL_X0Y0        BUFG (Prop_bufg_I_O)         0.029     1.224 r  clock_IBUF_BUFG_inst/O
                         net (fo=68, routed)          0.880     2.104    clock_IBUF_BUFG
    SLICE_X102Y55        FDRE                                         r  sA_tempExp_r_reg[4]/C

Slack:                    inf
  Source:                 io_b[12]
                            (input port)
  Destination:            sA_zeroInput_r_reg/D
                            (rising edge-triggered cell FDRE clocked by sys_clk  {rise@0.000ns fall@2.500ns period=5.000ns})
  Path Group:             (none)
  Path Type:              Hold (Min at Fast Process Corner)
  Data Path Delay:        0.970ns  (logic 0.283ns (29.161%)  route 0.687ns (70.839%))
  Logic Levels:           3  (IBUF=1 LUT5=1 LUT6=1)
  Clock Path Skew:        2.104ns (DCD - SCD - CPR)
    Destination Clock Delay (DCD):    2.104ns
    Source Clock Delay      (SCD):    0.000ns
    Clock Pessimism Removal (CPR):    -0.000ns

    Location             Delay type                Incr(ns)  Path(ns)    Netlist Resource(s)
  -------------------------------------------------------------------    -------------------
    R16                                               0.000     0.000 f  io_b[12]
                         net (fo=0)                   0.000     0.000    io_b[12]
    R16                  IBUF (Prop_ibuf_I_O)         0.193     0.193 f  io_b_IBUF[12]_inst/O
                         net (fo=5, routed)           0.638     0.831    io_b_IBUF[12]
    SLICE_X103Y56        LUT5 (Prop_lut5_I0_O)        0.045     0.876 r  sA_zeroInput_r_i_3/O
                         net (fo=1, routed)           0.049     0.925    sA_zeroInput_r1
    SLICE_X103Y56        LUT6 (Prop_lut6_I5_O)        0.045     0.970 r  sA_zeroInput_r_i_1/O
                         net (fo=1, routed)           0.000     0.970    sA_zeroInput_r0
    SLICE_X103Y56        FDRE                                         r  sA_zeroInput_r_reg/D
  -------------------------------------------------------------------    -------------------

                         (clock sys_clk rise edge)    0.000     0.000 r  <hidden>
    U7                                                0.000     0.000 r  clock
                         net (fo=0)                   0.000     0.000    clock
    U7                   IBUF (Prop_ibuf_I_O)         0.476     0.476 r  clock_IBUF_inst/O
                         net (fo=1, routed)           0.719     1.195    clock_IBUF
    BUFGCTRL_X0Y0        BUFG (Prop_bufg_I_O)         0.029     1.224 r  clock_IBUF_BUFG_inst/O
                         net (fo=68, routed)          0.880     2.104    clock_IBUF_BUFG
    SLICE_X103Y56        FDRE                                         r  sA_zeroInput_r_reg/C





